2026-01-04 10:56:44,177 - INFO - Connected to database 'projapoti_db_v2' on 10.0.1.42:3306
2026-01-04 10:56:44,182 - INFO - Found office domain: 10.0.1.160
2026-01-04 10:56:44,183 - INFO - All selected databases are added to the queue
2026-01-04 10:56:44,187 - INFO - Database connection closed
2026-01-04 10:56:44,214 - INFO - Connected to database 'projapoti_65_v2' on 10.0.1.160:3306
2026-01-04 10:56:44,214 - INFO - Connected to projapoti_65_v2 at 10.0.1.160
2026-01-04 10:56:44,218 - INFO - Starting processing khoshra_draft_versions from id 27667
2026-01-04 10:56:44,231 - INFO - Processing id=27667
2026-01-04 10:56:44,260 - INFO - Transaction committed successfully
2026-01-04 10:56:44,260 - INFO - Updated id=27667, size before: 35780 bytes, size after: 35780 bytes
2026-01-04 10:56:44,272 - INFO - Processing id=27668
2026-01-04 10:56:44,299 - INFO - Transaction committed successfully
2026-01-04 10:56:44,299 - INFO - Updated id=27668, size before: 35192 bytes, size after: 35192 bytes
2026-01-04 10:56:44,312 - INFO - Processing id=27669
2026-01-04 10:56:44,337 - INFO - Transaction committed successfully
2026-01-04 10:56:44,337 - INFO - Updated id=27669, size before: 34428 bytes, size after: 34428 bytes
2026-01-04 10:56:44,351 - INFO - Processing id=27670
2026-01-04 10:56:44,373 - INFO - Transaction committed successfully
2026-01-04 10:56:44,374 - INFO - Updated id=27670, size before: 34788 bytes, size after: 34788 bytes
2026-01-04 10:56:44,386 - INFO - Processing id=27671
2026-01-04 10:56:44,411 - INFO - Transaction committed successfully
2026-01-04 10:56:44,412 - INFO - Updated id=27671, size before: 40744 bytes, size after: 40744 bytes
2026-01-04 10:56:44,425 - INFO - Processing id=27672
2026-01-04 10:56:44,455 - INFO - Transaction committed successfully
2026-01-04 10:56:44,456 - INFO - Updated id=27672, size before: 42748 bytes, size after: 42748 bytes
2026-01-04 10:56:44,468 - INFO - Processing id=27673
2026-01-04 10:56:44,499 - INFO - Transaction committed successfully
2026-01-04 10:56:44,499 - INFO - Updated id=27673, size before: 45608 bytes, size after: 45608 bytes
2026-01-04 10:56:44,553 - INFO - Processing id=27674
2026-01-04 10:56:44,579 - INFO - Transaction committed successfully
2026-01-04 10:56:44,579 - INFO - Updated id=27674, size before: 51468 bytes, size after: 51468 bytes
2026-01-04 10:56:44,592 - INFO - Processing id=27675
2026-01-04 10:56:44,619 - INFO - Transaction committed successfully
2026-01-04 10:56:44,619 - INFO - Updated id=27675, size before: 52020 bytes, size after: 52020 bytes
2026-01-04 10:56:44,623 - INFO - Finished processing khoshra_draft_versions for projapoti_65_v2
2026-01-04 10:56:44,628 - INFO - Database connection closed
2026-01-04 11:10:59,757 - ERROR - Database connection error: 2003 (HY000): Can't connect to MySQL server on '10.0.1.42:3306' (10065)
2026-01-04 11:11:04,189 - INFO - Connected to database 'projapoti_db_v2' on 10.0.1.42:3306
2026-01-04 11:11:04,194 - INFO - Found office domain: 10.0.1.160
2026-01-04 11:11:04,195 - INFO - All selected databases are added to the queue
2026-01-04 11:11:04,198 - INFO - Database connection closed
2026-01-04 11:11:04,225 - INFO - Connected to database 'projapoti_65_v2' on 10.0.1.160:3306
2026-01-04 11:11:04,225 - INFO - Connected to projapoti_65_v2 at 10.0.1.160
2026-01-04 11:11:04,233 - INFO - Starting processing khoshra_draft_versions from id 27667
2026-01-04 11:11:04,245 - INFO - Processing id=27667
2026-01-04 11:11:04,273 - INFO - Transaction committed successfully
2026-01-04 11:11:04,273 - INFO - Updated id=27667 progress=1/{'total_rows': 9}, size before: 35780 bytes, size after: 35780 bytes
2026-01-04 11:11:04,286 - INFO - Processing id=27668
2026-01-04 11:11:04,317 - INFO - Transaction committed successfully
2026-01-04 11:11:04,317 - INFO - Updated id=27668 progress=2/{'total_rows': 9}, size before: 35192 bytes, size after: 35192 bytes
2026-01-04 11:11:04,330 - INFO - Processing id=27669
2026-01-04 11:11:04,353 - INFO - Transaction committed successfully
2026-01-04 11:11:04,354 - INFO - Updated id=27669 progress=3/{'total_rows': 9}, size before: 34428 bytes, size after: 34428 bytes
2026-01-04 11:11:04,366 - INFO - Processing id=27670
2026-01-04 11:11:04,391 - INFO - Transaction committed successfully
2026-01-04 11:11:04,392 - INFO - Updated id=27670 progress=4/{'total_rows': 9}, size before: 34788 bytes, size after: 34788 bytes
2026-01-04 11:11:04,404 - INFO - Processing id=27671
2026-01-04 11:11:04,430 - INFO - Transaction committed successfully
2026-01-04 11:11:04,430 - INFO - Updated id=27671 progress=5/{'total_rows': 9}, size before: 40744 bytes, size after: 40744 bytes
2026-01-04 11:11:04,443 - INFO - Processing id=27672
2026-01-04 11:11:04,472 - INFO - Transaction committed successfully
2026-01-04 11:11:04,472 - INFO - Updated id=27672 progress=6/{'total_rows': 9}, size before: 42748 bytes, size after: 42748 bytes
2026-01-04 11:11:04,485 - INFO - Processing id=27673
2026-01-04 11:11:04,516 - INFO - Transaction committed successfully
2026-01-04 11:11:04,516 - INFO - Updated id=27673 progress=7/{'total_rows': 9}, size before: 45608 bytes, size after: 45608 bytes
2026-01-04 11:11:04,533 - INFO - Processing id=27674
2026-01-04 11:11:04,559 - INFO - Transaction committed successfully
2026-01-04 11:11:04,560 - INFO - Updated id=27674 progress=8/{'total_rows': 9}, size before: 51468 bytes, size after: 51468 bytes
2026-01-04 11:11:04,574 - INFO - Processing id=27675
2026-01-04 11:11:04,603 - INFO - Transaction committed successfully
2026-01-04 11:11:04,603 - INFO - Updated id=27675 progress=9/{'total_rows': 9}, size before: 52020 bytes, size after: 52020 bytes
2026-01-04 11:11:04,608 - INFO - Finished processing khoshra_draft_versions for projapoti_65_v2
2026-01-04 11:11:04,611 - INFO - Database connection closed
2026-01-04 11:11:27,720 - INFO - Connected to database 'projapoti_db_v2' on 10.0.1.42:3306
2026-01-04 11:11:27,725 - INFO - Found office domain: 10.0.1.160
2026-01-04 11:11:27,726 - INFO - All selected databases are added to the queue
2026-01-04 11:11:27,730 - INFO - Database connection closed
2026-01-04 11:11:27,755 - INFO - Connected to database 'projapoti_65_v2' on 10.0.1.160:3306
2026-01-04 11:11:27,755 - INFO - Connected to projapoti_65_v2 at 10.0.1.160
2026-01-04 11:11:27,763 - INFO - Starting processing khoshra_draft_versions from id 27667
2026-01-04 11:11:27,776 - INFO - Processing id=27667
2026-01-04 11:11:27,807 - INFO - Transaction committed successfully
2026-01-04 11:11:27,807 - INFO - Updated id=27667 progress=1/{'total_rows': 9}, size before: 35780 bytes, size after: 35780 bytes
2026-01-04 11:11:27,822 - INFO - Processing id=27668
2026-01-04 11:11:27,852 - INFO - Transaction committed successfully
2026-01-04 11:11:27,853 - INFO - Updated id=27668 progress=2/{'total_rows': 9}, size before: 35192 bytes, size after: 35192 bytes
2026-01-04 11:11:27,866 - INFO - Processing id=27669
2026-01-04 11:11:27,903 - INFO - Transaction committed successfully
2026-01-04 11:11:27,904 - INFO - Updated id=27669 progress=3/{'total_rows': 9}, size before: 34428 bytes, size after: 34428 bytes
2026-01-04 11:11:27,958 - INFO - Processing id=27670
2026-01-04 11:11:27,982 - INFO - Transaction committed successfully
2026-01-04 11:11:28,003 - INFO - Updated id=27670 progress=4/{'total_rows': 9}, size before: 34788 bytes, size after: 34788 bytes
2026-01-04 11:11:28,033 - INFO - Processing id=27671
2026-01-04 11:11:28,068 - INFO - Transaction committed successfully
2026-01-04 11:11:28,068 - INFO - Updated id=27671 progress=5/{'total_rows': 9}, size before: 40744 bytes, size after: 40744 bytes
2026-01-04 11:11:28,082 - INFO - Processing id=27672
2026-01-04 11:11:28,107 - INFO - Transaction committed successfully
2026-01-04 11:11:28,108 - INFO - Updated id=27672 progress=6/{'total_rows': 9}, size before: 42748 bytes, size after: 42748 bytes
2026-01-04 11:11:28,123 - INFO - Processing id=27673
2026-01-04 11:11:28,153 - INFO - Transaction committed successfully
2026-01-04 11:11:28,153 - INFO - Updated id=27673 progress=7/{'total_rows': 9}, size before: 45608 bytes, size after: 45608 bytes
2026-01-04 11:11:28,167 - INFO - Processing id=27674
2026-01-04 11:11:28,197 - INFO - Transaction committed successfully
2026-01-04 11:11:28,198 - INFO - Updated id=27674 progress=8/{'total_rows': 9}, size before: 51468 bytes, size after: 51468 bytes
2026-01-04 11:11:28,211 - INFO - Processing id=27675
2026-01-04 11:11:28,242 - INFO - Transaction committed successfully
2026-01-04 11:11:28,242 - INFO - Updated id=27675 progress=9/{'total_rows': 9}, size before: 52020 bytes, size after: 52020 bytes
2026-01-04 11:11:28,246 - INFO - Finished processing khoshra_draft_versions for projapoti_65_v2
2026-01-04 11:11:28,249 - INFO - Database connection closed
2026-01-04 11:12:10,551 - INFO - Connected to database 'projapoti_db_v2' on 10.0.1.42:3306
2026-01-04 11:12:10,556 - INFO - Found office domain: 10.0.1.160
2026-01-04 11:12:10,556 - INFO - All selected databases are added to the queue
2026-01-04 11:12:10,561 - INFO - Database connection closed
2026-01-04 11:12:10,588 - INFO - Connected to database 'projapoti_65_v2' on 10.0.1.160:3306
2026-01-04 11:12:10,588 - INFO - Connected to projapoti_65_v2 at 10.0.1.160
2026-01-04 11:12:10,595 - INFO - Starting processing khoshra_draft_versions from id 27667
2026-01-04 11:12:10,608 - INFO - Processing id=27667
2026-01-04 11:12:10,644 - INFO - Transaction committed successfully
2026-01-04 11:12:10,644 - INFO - Updated id=27667 progress=1/{'total_rows': 9}, size before: 35780 bytes, size after: 35780 bytes
2026-01-04 11:12:10,656 - INFO - Processing id=27668
2026-01-04 11:12:10,687 - INFO - Transaction committed successfully
2026-01-04 11:12:10,687 - INFO - Updated id=27668 progress=2/{'total_rows': 9}, size before: 35192 bytes, size after: 35192 bytes
2026-01-04 11:12:10,698 - INFO - Processing id=27669
2026-01-04 11:12:10,741 - INFO - Transaction committed successfully
2026-01-04 11:12:10,741 - INFO - Updated id=27669 progress=3/{'total_rows': 9}, size before: 34428 bytes, size after: 34428 bytes
2026-01-04 11:12:10,752 - INFO - Processing id=27670
2026-01-04 11:12:10,775 - INFO - Transaction committed successfully
2026-01-04 11:12:10,776 - INFO - Updated id=27670 progress=4/{'total_rows': 9}, size before: 34788 bytes, size after: 34788 bytes
2026-01-04 11:12:10,790 - INFO - Processing id=27671
2026-01-04 11:12:10,819 - INFO - Transaction committed successfully
2026-01-04 11:12:10,819 - INFO - Updated id=27671 progress=5/{'total_rows': 9}, size before: 40744 bytes, size after: 40744 bytes
2026-01-04 11:12:10,832 - INFO - Processing id=27672
2026-01-04 11:12:10,864 - INFO - Transaction committed successfully
2026-01-04 11:12:10,865 - INFO - Updated id=27672 progress=6/{'total_rows': 9}, size before: 42748 bytes, size after: 42748 bytes
2026-01-04 11:12:10,878 - INFO - Processing id=27673
2026-01-04 11:12:10,908 - INFO - Transaction committed successfully
2026-01-04 11:12:10,909 - INFO - Updated id=27673 progress=7/{'total_rows': 9}, size before: 45608 bytes, size after: 45608 bytes
2026-01-04 11:12:10,925 - INFO - Processing id=27674
2026-01-04 11:12:10,959 - INFO - Transaction committed successfully
2026-01-04 11:12:10,959 - INFO - Updated id=27674 progress=8/{'total_rows': 9}, size before: 51468 bytes, size after: 51468 bytes
2026-01-04 11:12:10,974 - INFO - Processing id=27675
2026-01-04 11:12:11,006 - INFO - Transaction committed successfully
2026-01-04 11:12:11,006 - INFO - Updated id=27675 progress=9/{'total_rows': 9}, size before: 52020 bytes, size after: 52020 bytes
2026-01-04 11:12:11,011 - INFO - Finished processing khoshra_draft_versions for projapoti_65_v2
2026-01-04 11:12:11,015 - INFO - Database connection closed
2026-01-04 11:12:16,514 - INFO - Connected to database 'projapoti_db_v2' on 10.0.1.42:3306
2026-01-04 11:12:16,520 - INFO - Found office domain: 10.0.1.160
2026-01-04 11:12:16,520 - INFO - All selected databases are added to the queue
2026-01-04 11:12:16,524 - INFO - Database connection closed
2026-01-04 11:12:16,551 - INFO - Connected to database 'projapoti_65_v2' on 10.0.1.160:3306
2026-01-04 11:12:16,551 - INFO - Connected to projapoti_65_v2 at 10.0.1.160
2026-01-04 11:12:16,558 - INFO - Starting processing khoshra_draft_versions from id 27667
2026-01-04 11:12:16,570 - INFO - Processing id=27667
2026-01-04 11:12:16,602 - INFO - Transaction committed successfully
2026-01-04 11:12:16,602 - INFO - Updated id=27667 progress=1/9, size before: 35780 bytes, size after: 35780 bytes
2026-01-04 11:12:16,615 - INFO - Processing id=27668
2026-01-04 11:12:16,641 - INFO - Transaction committed successfully
2026-01-04 11:12:16,641 - INFO - Updated id=27668 progress=2/9, size before: 35192 bytes, size after: 35192 bytes
2026-01-04 11:12:16,654 - INFO - Processing id=27669
2026-01-04 11:12:16,682 - INFO - Transaction committed successfully
2026-01-04 11:12:16,682 - INFO - Updated id=27669 progress=3/9, size before: 34428 bytes, size after: 34428 bytes
2026-01-04 11:12:16,693 - INFO - Processing id=27670
2026-01-04 11:12:16,721 - INFO - Transaction committed successfully
2026-01-04 11:12:16,721 - INFO - Updated id=27670 progress=4/9, size before: 34788 bytes, size after: 34788 bytes
2026-01-04 11:12:16,734 - INFO - Processing id=27671
2026-01-04 11:12:16,764 - INFO - Transaction committed successfully
2026-01-04 11:12:16,764 - INFO - Updated id=27671 progress=5/9, size before: 40744 bytes, size after: 40744 bytes
2026-01-04 11:12:16,778 - INFO - Processing id=27672
2026-01-04 11:12:16,802 - INFO - Transaction committed successfully
2026-01-04 11:12:16,803 - INFO - Updated id=27672 progress=6/9, size before: 42748 bytes, size after: 42748 bytes
2026-01-04 11:12:16,815 - INFO - Processing id=27673
2026-01-04 11:12:16,845 - INFO - Transaction committed successfully
2026-01-04 11:12:16,846 - INFO - Updated id=27673 progress=7/9, size before: 45608 bytes, size after: 45608 bytes
2026-01-04 11:12:16,863 - INFO - Processing id=27674
2026-01-04 11:12:16,893 - INFO - Transaction committed successfully
2026-01-04 11:12:16,894 - INFO - Updated id=27674 progress=8/9, size before: 51468 bytes, size after: 51468 bytes
2026-01-04 11:12:16,910 - INFO - Processing id=27675
2026-01-04 11:12:16,936 - INFO - Transaction committed successfully
2026-01-04 11:12:16,937 - INFO - Updated id=27675 progress=9/9, size before: 52020 bytes, size after: 52020 bytes
2026-01-04 11:12:16,940 - INFO - Finished processing khoshra_draft_versions for projapoti_65_v2
2026-01-04 11:12:16,944 - INFO - Database connection closed
2026-01-04 11:24:19,053 - INFO - Connected to database 'projapoti_65_v2' on 10.0.1.160:3306
2026-01-04 11:24:19,053 - INFO - Connected to projapoti_65_v2 at 10.0.1.160
2026-01-04 11:24:19,060 - INFO - Starting processing khoshra_draft_versions from id 27667
2026-01-04 11:24:19,071 - INFO - Processing id=27667
2026-01-04 11:24:19,104 - INFO - Transaction committed successfully
2026-01-04 11:24:19,104 - INFO - Updated id=27667 progress=1/9, size before: 35780 bytes, size after: 35780 bytes
2026-01-04 11:24:19,116 - INFO - Processing id=27668
2026-01-04 11:24:19,159 - INFO - Transaction committed successfully
2026-01-04 11:24:19,184 - INFO - Updated id=27668 progress=2/9, size before: 35192 bytes, size after: 35192 bytes
2026-01-04 11:24:19,200 - INFO - Processing id=27669
2026-01-04 11:24:19,235 - INFO - Transaction committed successfully
2026-01-04 11:24:19,235 - INFO - Updated id=27669 progress=3/9, size before: 34428 bytes, size after: 34428 bytes
2026-01-04 11:24:19,247 - INFO - Processing id=27670
2026-01-04 11:24:19,275 - INFO - Transaction committed successfully
2026-01-04 11:24:19,275 - INFO - Updated id=27670 progress=4/9, size before: 34788 bytes, size after: 34788 bytes
2026-01-04 11:24:19,289 - INFO - Processing id=27671
2026-01-04 11:24:19,317 - INFO - Transaction committed successfully
2026-01-04 11:24:19,317 - INFO - Updated id=27671 progress=5/9, size before: 40744 bytes, size after: 40744 bytes
2026-01-04 11:24:19,332 - INFO - Processing id=27672
2026-01-04 11:24:19,357 - INFO - Transaction committed successfully
2026-01-04 11:24:19,357 - INFO - Updated id=27672 progress=6/9, size before: 42748 bytes, size after: 42748 bytes
2026-01-04 11:24:19,370 - INFO - Processing id=27673
2026-01-04 11:24:19,402 - INFO - Transaction committed successfully
2026-01-04 11:24:19,403 - INFO - Updated id=27673 progress=7/9, size before: 45608 bytes, size after: 45608 bytes
2026-01-04 11:24:19,416 - INFO - Processing id=27674
2026-01-04 11:24:19,443 - INFO - Transaction committed successfully
2026-01-04 11:24:19,444 - INFO - Updated id=27674 progress=8/9, size before: 51468 bytes, size after: 51468 bytes
2026-01-04 11:24:19,457 - INFO - Processing id=27675
2026-01-04 11:24:19,553 - INFO - Transaction committed successfully
2026-01-04 11:24:19,554 - INFO - Updated id=27675 progress=9/9, size before: 52020 bytes, size after: 52020 bytes
2026-01-04 11:24:19,558 - INFO - Finished processing khoshra_draft_versions for projapoti_65_v2
2026-01-04 11:24:19,562 - INFO - Database connection closed
2026-01-04 12:36:33,946 - INFO - Connected to database 'projapoti_65_v2' on 10.0.1.160:3306
2026-01-04 12:36:33,946 - INFO - Connected to projapoti_65_v2 at 10.0.1.160
2026-01-04 12:36:33,954 - INFO - Starting processing khoshra_draft_versions from id 27667
2026-01-04 12:36:33,967 - WARNING - Could not parse modified for id=27667: 2025-12-10 09:49:29; skipping
2026-01-04 12:36:33,967 - INFO - Processing id=27667
2026-01-04 12:36:34,000 - INFO - Transaction committed successfully
2026-01-04 12:36:34,000 - INFO - Updated id=27667 progress=1/9, size before: 35780 bytes, size after: 35780 bytes
2026-01-04 12:36:34,011 - WARNING - Could not parse modified for id=27668: 2025-12-10 09:52:47; skipping
2026-01-04 12:36:34,012 - INFO - Processing id=27668
2026-01-04 12:36:34,041 - INFO - Transaction committed successfully
2026-01-04 12:36:34,042 - INFO - Updated id=27668 progress=2/9, size before: 35192 bytes, size after: 35192 bytes
2026-01-04 12:36:34,053 - WARNING - Could not parse modified for id=27669: 2025-12-11 05:55:12; skipping
2026-01-04 12:36:34,054 - INFO - Processing id=27669
2026-01-04 12:36:34,084 - INFO - Transaction committed successfully
2026-01-04 12:36:34,089 - INFO - Updated id=27669 progress=3/9, size before: 34428 bytes, size after: 34428 bytes
2026-01-04 12:36:34,104 - WARNING - Could not parse modified for id=27670: 2025-12-11 06:01:33; skipping
2026-01-04 12:36:34,119 - INFO - Processing id=27670
2026-01-04 12:36:34,161 - INFO - Transaction committed successfully
2026-01-04 12:36:34,161 - INFO - Updated id=27670 progress=4/9, size before: 34788 bytes, size after: 34788 bytes
2026-01-04 12:36:34,175 - WARNING - Could not parse modified for id=27671: 2025-12-29 09:37:31; skipping
2026-01-04 12:36:34,175 - INFO - Processing id=27671
2026-01-04 12:36:34,207 - INFO - Transaction committed successfully
2026-01-04 12:36:34,207 - INFO - Updated id=27671 progress=5/9, size before: 40744 bytes, size after: 40744 bytes
2026-01-04 12:36:34,220 - WARNING - Could not parse modified for id=27672: 2025-12-29 09:39:31; skipping
2026-01-04 12:36:34,220 - INFO - Processing id=27672
2026-01-04 12:36:34,256 - INFO - Transaction committed successfully
2026-01-04 12:36:34,256 - INFO - Updated id=27672 progress=6/9, size before: 42748 bytes, size after: 42748 bytes
2026-01-04 12:36:34,279 - WARNING - Could not parse modified for id=27673: 2025-12-30 09:46:00; skipping
2026-01-04 12:36:34,279 - INFO - Processing id=27673
2026-01-04 12:36:34,312 - INFO - Transaction committed successfully
2026-01-04 12:36:34,312 - INFO - Updated id=27673 progress=7/9, size before: 45608 bytes, size after: 45608 bytes
2026-01-04 12:36:34,335 - WARNING - Could not parse modified for id=27674: 2025-12-30 09:50:20; skipping
2026-01-04 12:36:34,335 - INFO - Processing id=27674
2026-01-04 12:36:34,367 - INFO - Transaction committed successfully
2026-01-04 12:36:34,368 - INFO - Updated id=27674 progress=8/9, size before: 51468 bytes, size after: 51468 bytes
2026-01-04 12:36:34,380 - WARNING - Could not parse modified for id=27675: 2025-12-30 09:57:37; skipping
2026-01-04 12:36:34,381 - INFO - Processing id=27675
2026-01-04 12:36:34,414 - INFO - Transaction committed successfully
2026-01-04 12:36:34,414 - INFO - Updated id=27675 progress=9/9, size before: 52020 bytes, size after: 52020 bytes
2026-01-04 12:36:34,420 - INFO - Finished processing khoshra_draft_versions for projapoti_65_v2
2026-01-04 12:36:34,425 - INFO - Database connection closed
2026-01-04 12:46:37,421 - INFO - Connected to database 'projapoti_65_v2' on 10.0.1.160:3306
2026-01-04 12:46:37,421 - INFO - Connected to projapoti_65_v2 at 10.0.1.160
2026-01-04 12:46:37,431 - INFO - Starting processing khoshra_draft_versions from id 27667
2026-01-04 12:46:37,444 - INFO - Skipping id=27667 (modified=2025-12-10 09:49:29) — newer than 3 months
2026-01-04 12:46:37,457 - INFO - Skipping id=27667 (modified=2025-12-10 09:49:29) — newer than 3 months
2026-01-04 12:46:37,467 - INFO - Skipping id=27667 (modified=2025-12-10 09:49:29) — newer than 3 months
2026-01-04 12:46:37,475 - INFO - Skipping id=27667 (modified=2025-12-10 09:49:29) — newer than 3 months
2026-01-04 12:46:37,484 - INFO - Skipping id=27667 (modified=2025-12-10 09:49:29) — newer than 3 months
2026-01-04 12:46:37,493 - INFO - Skipping id=27667 (modified=2025-12-10 09:49:29) — newer than 3 months
2026-01-04 12:46:37,512 - INFO - Skipping id=27667 (modified=2025-12-10 09:49:29) — newer than 3 months
2026-01-04 12:46:37,540 - INFO - Skipping id=27667 (modified=2025-12-10 09:49:29) — newer than 3 months
2026-01-04 12:46:37,556 - INFO - Skipping id=27667 (modified=2025-12-10 09:49:29) — newer than 3 months
2026-01-04 12:46:37,564 - INFO - Skipping id=27667 (modified=2025-12-10 09:49:29) — newer than 3 months
2026-01-04 12:46:37,578 - INFO - Skipping id=27667 (modified=2025-12-10 09:49:29) — newer than 3 months
2026-01-04 12:46:37,587 - INFO - Skipping id=27667 (modified=2025-12-10 09:49:29) — newer than 3 months
2026-01-04 12:46:37,607 - INFO - Skipping id=27667 (modified=2025-12-10 09:49:29) — newer than 3 months
2026-01-04 12:46:37,615 - INFO - Skipping id=27667 (modified=2025-12-10 09:49:29) — newer than 3 months
2026-01-04 12:46:37,624 - INFO - Skipping id=27667 (modified=2025-12-10 09:49:29) — newer than 3 months
2026-01-04 12:46:37,632 - INFO - Skipping id=27667 (modified=2025-12-10 09:49:29) — newer than 3 months
2026-01-04 12:46:37,641 - INFO - Skipping id=27667 (modified=2025-12-10 09:49:29) — newer than 3 months
2026-01-04 12:46:37,650 - INFO - Skipping id=27667 (modified=2025-12-10 09:49:29) — newer than 3 months
2026-01-04 12:46:37,659 - INFO - Skipping id=27667 (modified=2025-12-10 09:49:29) — newer than 3 months
2026-01-04 12:46:37,667 - INFO - Skipping id=27667 (modified=2025-12-10 09:49:29) — newer than 3 months
2026-01-04 12:46:37,675 - INFO - Skipping id=27667 (modified=2025-12-10 09:49:29) — newer than 3 months
2026-01-04 12:46:37,683 - INFO - Skipping id=27667 (modified=2025-12-10 09:49:29) — newer than 3 months
2026-01-04 12:46:37,693 - INFO - Skipping id=27667 (modified=2025-12-10 09:49:29) — newer than 3 months
2026-01-04 12:46:37,702 - INFO - Skipping id=27667 (modified=2025-12-10 09:49:29) — newer than 3 months
2026-01-04 12:46:37,710 - INFO - Skipping id=27667 (modified=2025-12-10 09:49:29) — newer than 3 months
2026-01-04 12:46:37,719 - INFO - Skipping id=27667 (modified=2025-12-10 09:49:29) — newer than 3 months
2026-01-04 12:46:37,729 - INFO - Skipping id=27667 (modified=2025-12-10 09:49:29) — newer than 3 months
2026-01-04 12:46:37,737 - INFO - Skipping id=27667 (modified=2025-12-10 09:49:29) — newer than 3 months
2026-01-04 12:46:37,746 - INFO - Skipping id=27667 (modified=2025-12-10 09:49:29) — newer than 3 months
2026-01-04 12:46:37,757 - INFO - Skipping id=27667 (modified=2025-12-10 09:49:29) — newer than 3 months
2026-01-04 12:46:37,783 - INFO - Skipping id=27667 (modified=2025-12-10 09:49:29) — newer than 3 months
2026-01-04 12:46:37,791 - INFO - Skipping id=27667 (modified=2025-12-10 09:49:29) — newer than 3 months
2026-01-04 12:46:37,800 - INFO - Skipping id=27667 (modified=2025-12-10 09:49:29) — newer than 3 months
2026-01-04 12:46:37,811 - INFO - Skipping id=27667 (modified=2025-12-10 09:49:29) — newer than 3 months
2026-01-04 12:46:37,821 - INFO - Skipping id=27667 (modified=2025-12-10 09:49:29) — newer than 3 months
2026-01-04 12:46:37,832 - INFO - Skipping id=27667 (modified=2025-12-10 09:49:29) — newer than 3 months
2026-01-04 12:46:37,841 - INFO - Skipping id=27667 (modified=2025-12-10 09:49:29) — newer than 3 months
2026-01-04 12:46:37,851 - INFO - Skipping id=27667 (modified=2025-12-10 09:49:29) — newer than 3 months
2026-01-04 12:46:37,867 - INFO - Skipping id=27667 (modified=2025-12-10 09:49:29) — newer than 3 months
2026-01-04 12:46:37,875 - INFO - Skipping id=27667 (modified=2025-12-10 09:49:29) — newer than 3 months
2026-01-04 12:46:37,883 - INFO - Skipping id=27667 (modified=2025-12-10 09:49:29) — newer than 3 months
2026-01-04 12:46:37,892 - INFO - Skipping id=27667 (modified=2025-12-10 09:49:29) — newer than 3 months
2026-01-04 12:46:37,901 - INFO - Skipping id=27667 (modified=2025-12-10 09:49:29) — newer than 3 months
2026-01-04 12:46:37,910 - INFO - Skipping id=27667 (modified=2025-12-10 09:49:29) — newer than 3 months
2026-01-04 12:46:37,919 - INFO - Skipping id=27667 (modified=2025-12-10 09:49:29) — newer than 3 months
2026-01-04 12:46:37,928 - INFO - Skipping id=27667 (modified=2025-12-10 09:49:29) — newer than 3 months
2026-01-04 12:46:37,936 - INFO - Skipping id=27667 (modified=2025-12-10 09:49:29) — newer than 3 months
2026-01-04 12:46:37,944 - INFO - Skipping id=27667 (modified=2025-12-10 09:49:29) — newer than 3 months
2026-01-04 12:46:37,952 - INFO - Skipping id=27667 (modified=2025-12-10 09:49:29) — newer than 3 months
2026-01-04 12:46:37,983 - INFO - Skipping id=27667 (modified=2025-12-10 09:49:29) — newer than 3 months
2026-01-04 12:46:37,993 - INFO - Skipping id=27667 (modified=2025-12-10 09:49:29) — newer than 3 months
2026-01-04 12:46:38,002 - INFO - Skipping id=27667 (modified=2025-12-10 09:49:29) — newer than 3 months
2026-01-04 12:46:38,009 - INFO - Skipping id=27667 (modified=2025-12-10 09:49:29) — newer than 3 months
2026-01-04 12:46:38,021 - INFO - Skipping id=27667 (modified=2025-12-10 09:49:29) — newer than 3 months
2026-01-04 12:46:38,032 - INFO - Skipping id=27667 (modified=2025-12-10 09:49:29) — newer than 3 months
2026-01-04 12:46:38,040 - INFO - Skipping id=27667 (modified=2025-12-10 09:49:29) — newer than 3 months
2026-01-04 12:46:38,050 - INFO - Skipping id=27667 (modified=2025-12-10 09:49:29) — newer than 3 months
2026-01-04 12:46:38,058 - INFO - Skipping id=27667 (modified=2025-12-10 09:49:29) — newer than 3 months
2026-01-04 12:46:38,067 - INFO - Skipping id=27667 (modified=2025-12-10 09:49:29) — newer than 3 months
2026-01-04 12:46:38,075 - INFO - Skipping id=27667 (modified=2025-12-10 09:49:29) — newer than 3 months
2026-01-04 12:46:38,085 - INFO - Skipping id=27667 (modified=2025-12-10 09:49:29) — newer than 3 months
2026-01-04 12:46:38,102 - INFO - Skipping id=27667 (modified=2025-12-10 09:49:29) — newer than 3 months
2026-01-04 12:46:38,126 - INFO - Skipping id=27667 (modified=2025-12-10 09:49:29) — newer than 3 months
2026-01-04 12:46:38,172 - INFO - Skipping id=27667 (modified=2025-12-10 09:49:29) — newer than 3 months
2026-01-04 12:46:38,182 - INFO - Skipping id=27667 (modified=2025-12-10 09:49:29) — newer than 3 months
2026-01-04 12:46:38,190 - INFO - Skipping id=27667 (modified=2025-12-10 09:49:29) — newer than 3 months
2026-01-04 12:46:38,199 - INFO - Skipping id=27667 (modified=2025-12-10 09:49:29) — newer than 3 months
2026-01-04 12:46:38,209 - INFO - Skipping id=27667 (modified=2025-12-10 09:49:29) — newer than 3 months
2026-01-04 12:46:38,218 - INFO - Skipping id=27667 (modified=2025-12-10 09:49:29) — newer than 3 months
2026-01-04 12:46:38,227 - INFO - Skipping id=27667 (modified=2025-12-10 09:49:29) — newer than 3 months
2026-01-04 12:46:38,238 - INFO - Skipping id=27667 (modified=2025-12-10 09:49:29) — newer than 3 months
2026-01-04 12:46:38,250 - INFO - Skipping id=27667 (modified=2025-12-10 09:49:29) — newer than 3 months
2026-01-04 12:46:38,262 - INFO - Skipping id=27667 (modified=2025-12-10 09:49:29) — newer than 3 months
2026-01-04 12:46:38,271 - INFO - Skipping id=27667 (modified=2025-12-10 09:49:29) — newer than 3 months
2026-01-04 12:46:38,280 - INFO - Skipping id=27667 (modified=2025-12-10 09:49:29) — newer than 3 months
2026-01-04 12:46:38,288 - INFO - Skipping id=27667 (modified=2025-12-10 09:49:29) — newer than 3 months
2026-01-04 12:46:38,296 - INFO - Skipping id=27667 (modified=2025-12-10 09:49:29) — newer than 3 months
2026-01-04 12:46:38,305 - INFO - Skipping id=27667 (modified=2025-12-10 09:49:29) — newer than 3 months
2026-01-04 12:46:38,316 - INFO - Skipping id=27667 (modified=2025-12-10 09:49:29) — newer than 3 months
2026-01-04 12:46:38,332 - INFO - Skipping id=27667 (modified=2025-12-10 09:49:29) — newer than 3 months
2026-01-04 12:46:38,343 - INFO - Skipping id=27667 (modified=2025-12-10 09:49:29) — newer than 3 months
2026-01-04 12:46:38,351 - INFO - Skipping id=27667 (modified=2025-12-10 09:49:29) — newer than 3 months
2026-01-04 12:46:38,360 - INFO - Skipping id=27667 (modified=2025-12-10 09:49:29) — newer than 3 months
2026-01-04 12:46:38,369 - INFO - Skipping id=27667 (modified=2025-12-10 09:49:29) — newer than 3 months
2026-01-04 12:46:38,377 - INFO - Skipping id=27667 (modified=2025-12-10 09:49:29) — newer than 3 months
2026-01-04 12:46:38,386 - INFO - Skipping id=27667 (modified=2025-12-10 09:49:29) — newer than 3 months
2026-01-04 12:46:38,394 - INFO - Skipping id=27667 (modified=2025-12-10 09:49:29) — newer than 3 months
2026-01-04 12:46:38,403 - INFO - Skipping id=27667 (modified=2025-12-10 09:49:29) — newer than 3 months
2026-01-04 12:46:38,411 - INFO - Skipping id=27667 (modified=2025-12-10 09:49:29) — newer than 3 months
2026-01-04 12:46:38,420 - INFO - Skipping id=27667 (modified=2025-12-10 09:49:29) — newer than 3 months
2026-01-04 12:46:38,428 - INFO - Skipping id=27667 (modified=2025-12-10 09:49:29) — newer than 3 months
2026-01-04 12:46:38,437 - INFO - Skipping id=27667 (modified=2025-12-10 09:49:29) — newer than 3 months
2026-01-04 12:46:38,446 - INFO - Skipping id=27667 (modified=2025-12-10 09:49:29) — newer than 3 months
2026-01-04 12:46:38,459 - INFO - Skipping id=27667 (modified=2025-12-10 09:49:29) — newer than 3 months
2026-01-04 12:46:38,468 - INFO - Skipping id=27667 (modified=2025-12-10 09:49:29) — newer than 3 months
2026-01-04 12:46:38,478 - INFO - Skipping id=27667 (modified=2025-12-10 09:49:29) — newer than 3 months
2026-01-04 12:46:38,489 - INFO - Skipping id=27667 (modified=2025-12-10 09:49:29) — newer than 3 months
2026-01-04 12:46:38,500 - INFO - Skipping id=27667 (modified=2025-12-10 09:49:29) — newer than 3 months
2026-01-04 12:46:38,509 - INFO - Skipping id=27667 (modified=2025-12-10 09:49:29) — newer than 3 months
2026-01-04 12:46:38,520 - INFO - Skipping id=27667 (modified=2025-12-10 09:49:29) — newer than 3 months
2026-01-04 12:46:38,529 - INFO - Skipping id=27667 (modified=2025-12-10 09:49:29) — newer than 3 months
2026-01-04 12:46:38,550 - INFO - Skipping id=27667 (modified=2025-12-10 09:49:29) — newer than 3 months
2026-01-04 12:46:38,558 - INFO - Skipping id=27667 (modified=2025-12-10 09:49:29) — newer than 3 months
2026-01-04 12:46:38,567 - INFO - Skipping id=27667 (modified=2025-12-10 09:49:29) — newer than 3 months
2026-01-04 12:46:38,575 - INFO - Skipping id=27667 (modified=2025-12-10 09:49:29) — newer than 3 months
2026-01-04 12:46:38,584 - INFO - Skipping id=27667 (modified=2025-12-10 09:49:29) — newer than 3 months
2026-01-04 12:46:38,593 - INFO - Skipping id=27667 (modified=2025-12-10 09:49:29) — newer than 3 months
2026-01-04 12:46:38,602 - INFO - Skipping id=27667 (modified=2025-12-10 09:49:29) — newer than 3 months
2026-01-04 12:46:38,610 - INFO - Skipping id=27667 (modified=2025-12-10 09:49:29) — newer than 3 months
2026-01-04 12:46:38,619 - INFO - Skipping id=27667 (modified=2025-12-10 09:49:29) — newer than 3 months
2026-01-04 12:46:38,627 - INFO - Skipping id=27667 (modified=2025-12-10 09:49:29) — newer than 3 months
2026-01-04 12:46:38,634 - INFO - Skipping id=27667 (modified=2025-12-10 09:49:29) — newer than 3 months
2026-01-04 12:46:38,642 - INFO - Skipping id=27667 (modified=2025-12-10 09:49:29) — newer than 3 months
2026-01-04 12:46:38,652 - INFO - Skipping id=27667 (modified=2025-12-10 09:49:29) — newer than 3 months
2026-01-04 12:46:38,664 - INFO - Skipping id=27667 (modified=2025-12-10 09:49:29) — newer than 3 months
2026-01-04 12:46:38,676 - INFO - Skipping id=27667 (modified=2025-12-10 09:49:29) — newer than 3 months
2026-01-04 12:46:38,687 - INFO - Skipping id=27667 (modified=2025-12-10 09:49:29) — newer than 3 months
2026-01-04 12:46:38,697 - INFO - Skipping id=27667 (modified=2025-12-10 09:49:29) — newer than 3 months
2026-01-04 12:46:38,708 - INFO - Skipping id=27667 (modified=2025-12-10 09:49:29) — newer than 3 months
2026-01-04 12:46:38,719 - INFO - Skipping id=27667 (modified=2025-12-10 09:49:29) — newer than 3 months
2026-01-04 12:46:38,730 - INFO - Skipping id=27667 (modified=2025-12-10 09:49:29) — newer than 3 months
2026-01-04 12:46:38,743 - INFO - Skipping id=27667 (modified=2025-12-10 09:49:29) — newer than 3 months
2026-01-04 12:46:38,753 - INFO - Skipping id=27667 (modified=2025-12-10 09:49:29) — newer than 3 months
2026-01-04 12:46:38,763 - INFO - Skipping id=27667 (modified=2025-12-10 09:49:29) — newer than 3 months
2026-01-04 12:46:38,771 - INFO - Skipping id=27667 (modified=2025-12-10 09:49:29) — newer than 3 months
2026-01-04 12:46:38,779 - INFO - Skipping id=27667 (modified=2025-12-10 09:49:29) — newer than 3 months
2026-01-04 12:46:38,788 - INFO - Skipping id=27667 (modified=2025-12-10 09:49:29) — newer than 3 months
2026-01-04 12:46:38,798 - INFO - Skipping id=27667 (modified=2025-12-10 09:49:29) — newer than 3 months
2026-01-04 12:46:38,808 - INFO - Skipping id=27667 (modified=2025-12-10 09:49:29) — newer than 3 months
2026-01-04 12:46:38,817 - INFO - Skipping id=27667 (modified=2025-12-10 09:49:29) — newer than 3 months
2026-01-04 12:46:38,826 - INFO - Skipping id=27667 (modified=2025-12-10 09:49:29) — newer than 3 months
2026-01-04 12:46:38,835 - INFO - Skipping id=27667 (modified=2025-12-10 09:49:29) — newer than 3 months
2026-01-04 12:46:38,844 - INFO - Skipping id=27667 (modified=2025-12-10 09:49:29) — newer than 3 months
2026-01-04 12:46:38,856 - INFO - Skipping id=27667 (modified=2025-12-10 09:49:29) — newer than 3 months
2026-01-04 12:46:38,865 - INFO - Skipping id=27667 (modified=2025-12-10 09:49:29) — newer than 3 months
2026-01-04 12:46:38,875 - INFO - Skipping id=27667 (modified=2025-12-10 09:49:29) — newer than 3 months
2026-01-04 12:46:38,884 - INFO - Skipping id=27667 (modified=2025-12-10 09:49:29) — newer than 3 months
2026-01-04 12:46:38,893 - INFO - Skipping id=27667 (modified=2025-12-10 09:49:29) — newer than 3 months
2026-01-04 12:46:38,903 - INFO - Skipping id=27667 (modified=2025-12-10 09:49:29) — newer than 3 months
2026-01-04 12:46:38,912 - INFO - Skipping id=27667 (modified=2025-12-10 09:49:29) — newer than 3 months
2026-01-04 12:46:38,920 - INFO - Skipping id=27667 (modified=2025-12-10 09:49:29) — newer than 3 months
2026-01-04 12:46:38,931 - INFO - Skipping id=27667 (modified=2025-12-10 09:49:29) — newer than 3 months
2026-01-04 12:46:38,940 - INFO - Skipping id=27667 (modified=2025-12-10 09:49:29) — newer than 3 months
2026-01-04 12:46:38,949 - INFO - Skipping id=27667 (modified=2025-12-10 09:49:29) — newer than 3 months
2026-01-04 12:46:38,960 - INFO - Skipping id=27667 (modified=2025-12-10 09:49:29) — newer than 3 months
2026-01-04 12:46:38,970 - INFO - Skipping id=27667 (modified=2025-12-10 09:49:29) — newer than 3 months
2026-01-04 12:46:38,978 - INFO - Skipping id=27667 (modified=2025-12-10 09:49:29) — newer than 3 months
2026-01-04 12:46:38,986 - INFO - Skipping id=27667 (modified=2025-12-10 09:49:29) — newer than 3 months
2026-01-04 12:46:38,995 - INFO - Skipping id=27667 (modified=2025-12-10 09:49:29) — newer than 3 months
2026-01-04 12:46:39,003 - INFO - Skipping id=27667 (modified=2025-12-10 09:49:29) — newer than 3 months
2026-01-04 12:46:39,013 - INFO - Skipping id=27667 (modified=2025-12-10 09:49:29) — newer than 3 months
2026-01-04 12:46:39,021 - INFO - Skipping id=27667 (modified=2025-12-10 09:49:29) — newer than 3 months
2026-01-04 12:46:39,030 - INFO - Skipping id=27667 (modified=2025-12-10 09:49:29) — newer than 3 months
2026-01-04 12:46:39,039 - INFO - Skipping id=27667 (modified=2025-12-10 09:49:29) — newer than 3 months
2026-01-04 12:46:39,049 - INFO - Skipping id=27667 (modified=2025-12-10 09:49:29) — newer than 3 months
2026-01-04 12:46:39,058 - INFO - Skipping id=27667 (modified=2025-12-10 09:49:29) — newer than 3 months
2026-01-04 12:46:39,070 - INFO - Skipping id=27667 (modified=2025-12-10 09:49:29) — newer than 3 months
2026-01-04 12:46:39,078 - INFO - Skipping id=27667 (modified=2025-12-10 09:49:29) — newer than 3 months
2026-01-04 12:46:39,087 - INFO - Skipping id=27667 (modified=2025-12-10 09:49:29) — newer than 3 months
2026-01-04 12:46:39,096 - INFO - Skipping id=27667 (modified=2025-12-10 09:49:29) — newer than 3 months
2026-01-04 12:46:39,104 - INFO - Skipping id=27667 (modified=2025-12-10 09:49:29) — newer than 3 months
2026-01-04 12:46:39,114 - INFO - Skipping id=27667 (modified=2025-12-10 09:49:29) — newer than 3 months
2026-01-04 12:46:39,125 - INFO - Skipping id=27667 (modified=2025-12-10 09:49:29) — newer than 3 months
2026-01-04 12:46:39,134 - INFO - Skipping id=27667 (modified=2025-12-10 09:49:29) — newer than 3 months
2026-01-04 12:46:39,144 - INFO - Skipping id=27667 (modified=2025-12-10 09:49:29) — newer than 3 months
2026-01-04 12:46:39,156 - INFO - Skipping id=27667 (modified=2025-12-10 09:49:29) — newer than 3 months
2026-01-04 12:46:39,164 - INFO - Skipping id=27667 (modified=2025-12-10 09:49:29) — newer than 3 months
2026-01-04 12:46:39,173 - INFO - Skipping id=27667 (modified=2025-12-10 09:49:29) — newer than 3 months
2026-01-04 12:46:39,201 - INFO - Skipping id=27667 (modified=2025-12-10 09:49:29) — newer than 3 months
2026-01-04 12:46:39,210 - INFO - Skipping id=27667 (modified=2025-12-10 09:49:29) — newer than 3 months
2026-01-04 12:46:39,225 - INFO - Skipping id=27667 (modified=2025-12-10 09:49:29) — newer than 3 months
2026-01-04 12:46:39,234 - INFO - Skipping id=27667 (modified=2025-12-10 09:49:29) — newer than 3 months
2026-01-04 12:46:39,244 - INFO - Skipping id=27667 (modified=2025-12-10 09:49:29) — newer than 3 months
2026-01-04 12:46:39,253 - INFO - Skipping id=27667 (modified=2025-12-10 09:49:29) — newer than 3 months
2026-01-04 12:46:39,262 - INFO - Skipping id=27667 (modified=2025-12-10 09:49:29) — newer than 3 months
2026-01-04 12:46:39,273 - INFO - Skipping id=27667 (modified=2025-12-10 09:49:29) — newer than 3 months
2026-01-04 12:46:39,282 - INFO - Skipping id=27667 (modified=2025-12-10 09:49:29) — newer than 3 months
2026-01-04 12:46:39,291 - INFO - Skipping id=27667 (modified=2025-12-10 09:49:29) — newer than 3 months
2026-01-04 12:46:39,300 - INFO - Skipping id=27667 (modified=2025-12-10 09:49:29) — newer than 3 months
2026-01-04 12:46:39,309 - INFO - Skipping id=27667 (modified=2025-12-10 09:49:29) — newer than 3 months
2026-01-04 12:46:39,317 - INFO - Skipping id=27667 (modified=2025-12-10 09:49:29) — newer than 3 months
2026-01-04 12:46:39,326 - INFO - Skipping id=27667 (modified=2025-12-10 09:49:29) — newer than 3 months
2026-01-04 12:46:39,335 - INFO - Skipping id=27667 (modified=2025-12-10 09:49:29) — newer than 3 months
2026-01-04 12:46:39,346 - INFO - Skipping id=27667 (modified=2025-12-10 09:49:29) — newer than 3 months
2026-01-04 12:46:39,361 - INFO - Skipping id=27667 (modified=2025-12-10 09:49:29) — newer than 3 months
2026-01-04 12:46:39,369 - INFO - Skipping id=27667 (modified=2025-12-10 09:49:29) — newer than 3 months
2026-01-04 12:46:39,378 - INFO - Skipping id=27667 (modified=2025-12-10 09:49:29) — newer than 3 months
2026-01-04 12:46:39,387 - INFO - Skipping id=27667 (modified=2025-12-10 09:49:29) — newer than 3 months
2026-01-04 12:46:39,397 - INFO - Skipping id=27667 (modified=2025-12-10 09:49:29) — newer than 3 months
2026-01-04 12:46:39,406 - INFO - Skipping id=27667 (modified=2025-12-10 09:49:29) — newer than 3 months
2026-01-04 12:46:39,415 - INFO - Skipping id=27667 (modified=2025-12-10 09:49:29) — newer than 3 months
2026-01-04 12:46:39,424 - INFO - Skipping id=27667 (modified=2025-12-10 09:49:29) — newer than 3 months
2026-01-04 12:46:39,431 - INFO - Skipping id=27667 (modified=2025-12-10 09:49:29) — newer than 3 months
2026-01-04 12:46:39,441 - INFO - Skipping id=27667 (modified=2025-12-10 09:49:29) — newer than 3 months
2026-01-04 12:46:39,449 - INFO - Skipping id=27667 (modified=2025-12-10 09:49:29) — newer than 3 months
2026-01-04 12:46:39,458 - INFO - Skipping id=27667 (modified=2025-12-10 09:49:29) — newer than 3 months
2026-01-04 12:46:39,467 - INFO - Skipping id=27667 (modified=2025-12-10 09:49:29) — newer than 3 months
2026-01-04 12:46:39,476 - INFO - Skipping id=27667 (modified=2025-12-10 09:49:29) — newer than 3 months
2026-01-04 12:46:39,486 - INFO - Skipping id=27667 (modified=2025-12-10 09:49:29) — newer than 3 months
2026-01-04 12:46:39,494 - INFO - Skipping id=27667 (modified=2025-12-10 09:49:29) — newer than 3 months
2026-01-04 12:46:39,502 - INFO - Skipping id=27667 (modified=2025-12-10 09:49:29) — newer than 3 months
2026-01-04 12:46:39,511 - INFO - Skipping id=27667 (modified=2025-12-10 09:49:29) — newer than 3 months
2026-01-04 12:46:39,520 - INFO - Skipping id=27667 (modified=2025-12-10 09:49:29) — newer than 3 months
2026-01-04 12:46:39,530 - INFO - Skipping id=27667 (modified=2025-12-10 09:49:29) — newer than 3 months
2026-01-04 12:46:39,539 - INFO - Skipping id=27667 (modified=2025-12-10 09:49:29) — newer than 3 months
2026-01-04 12:46:39,548 - INFO - Skipping id=27667 (modified=2025-12-10 09:49:29) — newer than 3 months
2026-01-04 12:46:39,560 - INFO - Skipping id=27667 (modified=2025-12-10 09:49:29) — newer than 3 months
2026-01-04 12:46:39,568 - INFO - Skipping id=27667 (modified=2025-12-10 09:49:29) — newer than 3 months
2026-01-04 12:46:39,577 - INFO - Skipping id=27667 (modified=2025-12-10 09:49:29) — newer than 3 months
2026-01-04 12:46:39,586 - INFO - Skipping id=27667 (modified=2025-12-10 09:49:29) — newer than 3 months
2026-01-04 12:46:39,594 - INFO - Skipping id=27667 (modified=2025-12-10 09:49:29) — newer than 3 months
2026-01-04 12:46:39,602 - INFO - Skipping id=27667 (modified=2025-12-10 09:49:29) — newer than 3 months
2026-01-04 12:46:39,613 - INFO - Skipping id=27667 (modified=2025-12-10 09:49:29) — newer than 3 months
2026-01-04 12:46:39,621 - INFO - Skipping id=27667 (modified=2025-12-10 09:49:29) — newer than 3 months
2026-01-04 12:46:39,630 - INFO - Skipping id=27667 (modified=2025-12-10 09:49:29) — newer than 3 months
2026-01-04 12:46:39,639 - INFO - Skipping id=27667 (modified=2025-12-10 09:49:29) — newer than 3 months
2026-01-04 12:46:39,649 - INFO - Skipping id=27667 (modified=2025-12-10 09:49:29) — newer than 3 months
2026-01-04 12:46:39,658 - INFO - Skipping id=27667 (modified=2025-12-10 09:49:29) — newer than 3 months
2026-01-04 12:46:39,669 - INFO - Skipping id=27667 (modified=2025-12-10 09:49:29) — newer than 3 months
2026-01-04 12:46:39,678 - INFO - Skipping id=27667 (modified=2025-12-10 09:49:29) — newer than 3 months
2026-01-04 12:46:39,687 - INFO - Skipping id=27667 (modified=2025-12-10 09:49:29) — newer than 3 months
2026-01-04 12:46:39,695 - INFO - Skipping id=27667 (modified=2025-12-10 09:49:29) — newer than 3 months
2026-01-04 12:46:39,705 - INFO - Skipping id=27667 (modified=2025-12-10 09:49:29) — newer than 3 months
2026-01-04 12:46:39,714 - INFO - Skipping id=27667 (modified=2025-12-10 09:49:29) — newer than 3 months
2026-01-04 12:46:39,724 - INFO - Skipping id=27667 (modified=2025-12-10 09:49:29) — newer than 3 months
2026-01-04 12:46:39,733 - INFO - Skipping id=27667 (modified=2025-12-10 09:49:29) — newer than 3 months
2026-01-04 12:46:39,742 - INFO - Skipping id=27667 (modified=2025-12-10 09:49:29) — newer than 3 months
2026-01-04 12:46:39,751 - INFO - Skipping id=27667 (modified=2025-12-10 09:49:29) — newer than 3 months
2026-01-04 12:46:39,760 - INFO - Skipping id=27667 (modified=2025-12-10 09:49:29) — newer than 3 months
2026-01-04 12:46:39,771 - INFO - Skipping id=27667 (modified=2025-12-10 09:49:29) — newer than 3 months
2026-01-04 12:46:39,781 - INFO - Skipping id=27667 (modified=2025-12-10 09:49:29) — newer than 3 months
2026-01-04 12:46:39,790 - INFO - Skipping id=27667 (modified=2025-12-10 09:49:29) — newer than 3 months
2026-01-04 12:46:39,799 - INFO - Skipping id=27667 (modified=2025-12-10 09:49:29) — newer than 3 months
2026-01-04 12:46:39,808 - INFO - Skipping id=27667 (modified=2025-12-10 09:49:29) — newer than 3 months
2026-01-04 12:46:39,816 - INFO - Skipping id=27667 (modified=2025-12-10 09:49:29) — newer than 3 months
2026-01-04 12:46:39,825 - INFO - Skipping id=27667 (modified=2025-12-10 09:49:29) — newer than 3 months
2026-01-04 12:46:39,833 - INFO - Skipping id=27667 (modified=2025-12-10 09:49:29) — newer than 3 months
2026-01-04 12:46:39,842 - INFO - Skipping id=27667 (modified=2025-12-10 09:49:29) — newer than 3 months
2026-01-04 12:46:39,851 - INFO - Skipping id=27667 (modified=2025-12-10 09:49:29) — newer than 3 months
2026-01-04 12:46:39,859 - INFO - Skipping id=27667 (modified=2025-12-10 09:49:29) — newer than 3 months
2026-01-04 12:46:39,869 - INFO - Skipping id=27667 (modified=2025-12-10 09:49:29) — newer than 3 months
2026-01-04 12:46:39,878 - INFO - Skipping id=27667 (modified=2025-12-10 09:49:29) — newer than 3 months
2026-01-04 12:46:39,894 - INFO - Skipping id=27667 (modified=2025-12-10 09:49:29) — newer than 3 months
2026-01-04 12:46:39,904 - INFO - Skipping id=27667 (modified=2025-12-10 09:49:29) — newer than 3 months
2026-01-04 12:46:39,912 - INFO - Skipping id=27667 (modified=2025-12-10 09:49:29) — newer than 3 months
2026-01-04 12:46:39,921 - INFO - Skipping id=27667 (modified=2025-12-10 09:49:29) — newer than 3 months
2026-01-04 12:46:39,931 - INFO - Skipping id=27667 (modified=2025-12-10 09:49:29) — newer than 3 months
2026-01-04 12:46:39,939 - INFO - Skipping id=27667 (modified=2025-12-10 09:49:29) — newer than 3 months
2026-01-04 12:46:39,951 - INFO - Skipping id=27667 (modified=2025-12-10 09:49:29) — newer than 3 months
2026-01-04 12:46:39,960 - INFO - Skipping id=27667 (modified=2025-12-10 09:49:29) — newer than 3 months
2026-01-04 12:46:39,970 - INFO - Skipping id=27667 (modified=2025-12-10 09:49:29) — newer than 3 months
2026-01-04 12:46:39,978 - INFO - Skipping id=27667 (modified=2025-12-10 09:49:29) — newer than 3 months
2026-01-04 12:46:39,987 - INFO - Skipping id=27667 (modified=2025-12-10 09:49:29) — newer than 3 months
2026-01-04 12:46:39,995 - INFO - Skipping id=27667 (modified=2025-12-10 09:49:29) — newer than 3 months
2026-01-04 12:46:40,004 - INFO - Skipping id=27667 (modified=2025-12-10 09:49:29) — newer than 3 months
2026-01-04 12:46:40,013 - INFO - Skipping id=27667 (modified=2025-12-10 09:49:29) — newer than 3 months
2026-01-04 12:46:40,022 - INFO - Skipping id=27667 (modified=2025-12-10 09:49:29) — newer than 3 months
2026-01-04 12:46:40,030 - INFO - Skipping id=27667 (modified=2025-12-10 09:49:29) — newer than 3 months
2026-01-04 12:46:40,039 - INFO - Skipping id=27667 (modified=2025-12-10 09:49:29) — newer than 3 months
2026-01-04 12:46:40,046 - INFO - Skipping id=27667 (modified=2025-12-10 09:49:29) — newer than 3 months
2026-01-04 12:46:40,055 - INFO - Skipping id=27667 (modified=2025-12-10 09:49:29) — newer than 3 months
2026-01-04 12:46:40,063 - INFO - Skipping id=27667 (modified=2025-12-10 09:49:29) — newer than 3 months
2026-01-04 12:46:40,071 - INFO - Skipping id=27667 (modified=2025-12-10 09:49:29) — newer than 3 months
2026-01-04 12:46:40,079 - INFO - Skipping id=27667 (modified=2025-12-10 09:49:29) — newer than 3 months
2026-01-04 12:46:40,087 - INFO - Skipping id=27667 (modified=2025-12-10 09:49:29) — newer than 3 months
2026-01-04 12:46:40,099 - INFO - Skipping id=27667 (modified=2025-12-10 09:49:29) — newer than 3 months
2026-01-04 12:46:40,108 - INFO - Skipping id=27667 (modified=2025-12-10 09:49:29) — newer than 3 months
2026-01-04 12:46:40,117 - INFO - Skipping id=27667 (modified=2025-12-10 09:49:29) — newer than 3 months
2026-01-04 12:46:40,125 - INFO - Skipping id=27667 (modified=2025-12-10 09:49:29) — newer than 3 months
2026-01-04 12:46:40,136 - INFO - Skipping id=27667 (modified=2025-12-10 09:49:29) — newer than 3 months
2026-01-04 12:46:40,145 - INFO - Skipping id=27667 (modified=2025-12-10 09:49:29) — newer than 3 months
2026-01-04 12:46:40,154 - INFO - Skipping id=27667 (modified=2025-12-10 09:49:29) — newer than 3 months
2026-01-04 12:46:40,167 - INFO - Skipping id=27667 (modified=2025-12-10 09:49:29) — newer than 3 months
2026-01-04 12:46:40,179 - INFO - Skipping id=27667 (modified=2025-12-10 09:49:29) — newer than 3 months
2026-01-04 12:46:40,190 - INFO - Skipping id=27667 (modified=2025-12-10 09:49:29) — newer than 3 months
2026-01-04 12:46:40,201 - INFO - Skipping id=27667 (modified=2025-12-10 09:49:29) — newer than 3 months
2026-01-04 12:46:40,210 - INFO - Skipping id=27667 (modified=2025-12-10 09:49:29) — newer than 3 months
2026-01-04 12:46:40,217 - INFO - Skipping id=27667 (modified=2025-12-10 09:49:29) — newer than 3 months
2026-01-04 12:46:40,226 - INFO - Skipping id=27667 (modified=2025-12-10 09:49:29) — newer than 3 months
2026-01-04 12:46:40,234 - INFO - Skipping id=27667 (modified=2025-12-10 09:49:29) — newer than 3 months
2026-01-04 12:46:40,244 - INFO - Skipping id=27667 (modified=2025-12-10 09:49:29) — newer than 3 months
2026-01-04 12:46:40,252 - INFO - Skipping id=27667 (modified=2025-12-10 09:49:29) — newer than 3 months
2026-01-04 12:46:40,260 - INFO - Skipping id=27667 (modified=2025-12-10 09:49:29) — newer than 3 months
2026-01-04 12:46:40,269 - INFO - Skipping id=27667 (modified=2025-12-10 09:49:29) — newer than 3 months
2026-01-04 12:46:40,278 - INFO - Skipping id=27667 (modified=2025-12-10 09:49:29) — newer than 3 months
2026-01-04 12:46:40,287 - INFO - Skipping id=27667 (modified=2025-12-10 09:49:29) — newer than 3 months
2026-01-04 12:46:40,304 - INFO - Skipping id=27667 (modified=2025-12-10 09:49:29) — newer than 3 months
2026-01-04 12:46:40,312 - INFO - Skipping id=27667 (modified=2025-12-10 09:49:29) — newer than 3 months
2026-01-04 12:46:40,320 - INFO - Skipping id=27667 (modified=2025-12-10 09:49:29) — newer than 3 months
2026-01-04 12:46:40,329 - INFO - Skipping id=27667 (modified=2025-12-10 09:49:29) — newer than 3 months
2026-01-04 12:46:40,341 - INFO - Skipping id=27667 (modified=2025-12-10 09:49:29) — newer than 3 months
2026-01-04 12:46:40,350 - INFO - Skipping id=27667 (modified=2025-12-10 09:49:29) — newer than 3 months
2026-01-04 12:46:40,358 - INFO - Skipping id=27667 (modified=2025-12-10 09:49:29) — newer than 3 months
2026-01-04 12:46:40,368 - INFO - Skipping id=27667 (modified=2025-12-10 09:49:29) — newer than 3 months
2026-01-04 12:46:40,377 - INFO - Skipping id=27667 (modified=2025-12-10 09:49:29) — newer than 3 months
2026-01-04 12:46:40,386 - INFO - Skipping id=27667 (modified=2025-12-10 09:49:29) — newer than 3 months
2026-01-04 12:46:40,394 - INFO - Skipping id=27667 (modified=2025-12-10 09:49:29) — newer than 3 months
2026-01-04 12:46:40,404 - INFO - Skipping id=27667 (modified=2025-12-10 09:49:29) — newer than 3 months
2026-01-04 12:46:40,412 - INFO - Skipping id=27667 (modified=2025-12-10 09:49:29) — newer than 3 months
2026-01-04 12:46:40,421 - INFO - Skipping id=27667 (modified=2025-12-10 09:49:29) — newer than 3 months
2026-01-04 12:46:40,429 - INFO - Skipping id=27667 (modified=2025-12-10 09:49:29) — newer than 3 months
2026-01-04 12:46:40,437 - INFO - Skipping id=27667 (modified=2025-12-10 09:49:29) — newer than 3 months
2026-01-04 12:46:40,447 - INFO - Skipping id=27667 (modified=2025-12-10 09:49:29) — newer than 3 months
2026-01-04 12:46:40,456 - INFO - Skipping id=27667 (modified=2025-12-10 09:49:29) — newer than 3 months
2026-01-04 12:46:40,465 - INFO - Skipping id=27667 (modified=2025-12-10 09:49:29) — newer than 3 months
2026-01-04 12:46:40,474 - INFO - Skipping id=27667 (modified=2025-12-10 09:49:29) — newer than 3 months
2026-01-04 12:46:40,483 - INFO - Skipping id=27667 (modified=2025-12-10 09:49:29) — newer than 3 months
2026-01-04 12:46:40,492 - INFO - Skipping id=27667 (modified=2025-12-10 09:49:29) — newer than 3 months
2026-01-04 12:46:40,502 - INFO - Skipping id=27667 (modified=2025-12-10 09:49:29) — newer than 3 months
2026-01-04 12:46:40,510 - INFO - Skipping id=27667 (modified=2025-12-10 09:49:29) — newer than 3 months
2026-01-04 12:46:40,520 - INFO - Skipping id=27667 (modified=2025-12-10 09:49:29) — newer than 3 months
2026-01-04 12:46:40,529 - INFO - Skipping id=27667 (modified=2025-12-10 09:49:29) — newer than 3 months
2026-01-04 12:46:40,545 - INFO - Skipping id=27667 (modified=2025-12-10 09:49:29) — newer than 3 months
2026-01-04 12:46:40,555 - INFO - Skipping id=27667 (modified=2025-12-10 09:49:29) — newer than 3 months
2026-01-04 12:46:40,563 - INFO - Skipping id=27667 (modified=2025-12-10 09:49:29) — newer than 3 months
2026-01-04 12:46:40,572 - INFO - Skipping id=27667 (modified=2025-12-10 09:49:29) — newer than 3 months
2026-01-04 12:46:40,579 - INFO - Skipping id=27667 (modified=2025-12-10 09:49:29) — newer than 3 months
2026-01-04 12:46:40,588 - INFO - Skipping id=27667 (modified=2025-12-10 09:49:29) — newer than 3 months
2026-01-04 12:46:40,597 - INFO - Skipping id=27667 (modified=2025-12-10 09:49:29) — newer than 3 months
2026-01-04 12:46:40,605 - INFO - Skipping id=27667 (modified=2025-12-10 09:49:29) — newer than 3 months
2026-01-04 12:46:40,613 - INFO - Skipping id=27667 (modified=2025-12-10 09:49:29) — newer than 3 months
2026-01-04 12:46:40,622 - INFO - Skipping id=27667 (modified=2025-12-10 09:49:29) — newer than 3 months
2026-01-04 12:46:40,631 - INFO - Skipping id=27667 (modified=2025-12-10 09:49:29) — newer than 3 months
2026-01-04 12:46:40,640 - INFO - Skipping id=27667 (modified=2025-12-10 09:49:29) — newer than 3 months
2026-01-04 12:46:40,649 - INFO - Skipping id=27667 (modified=2025-12-10 09:49:29) — newer than 3 months
2026-01-04 12:46:40,659 - INFO - Skipping id=27667 (modified=2025-12-10 09:49:29) — newer than 3 months
2026-01-04 12:46:40,669 - INFO - Skipping id=27667 (modified=2025-12-10 09:49:29) — newer than 3 months
2026-01-04 12:46:40,677 - INFO - Skipping id=27667 (modified=2025-12-10 09:49:29) — newer than 3 months
2026-01-04 12:46:40,685 - INFO - Skipping id=27667 (modified=2025-12-10 09:49:29) — newer than 3 months
2026-01-04 12:46:40,694 - INFO - Skipping id=27667 (modified=2025-12-10 09:49:29) — newer than 3 months
2026-01-04 12:46:40,703 - INFO - Skipping id=27667 (modified=2025-12-10 09:49:29) — newer than 3 months
2026-01-04 12:46:40,713 - INFO - Skipping id=27667 (modified=2025-12-10 09:49:29) — newer than 3 months
2026-01-04 12:46:40,722 - INFO - Skipping id=27667 (modified=2025-12-10 09:49:29) — newer than 3 months
2026-01-04 12:46:40,732 - INFO - Skipping id=27667 (modified=2025-12-10 09:49:29) — newer than 3 months
2026-01-04 12:46:40,746 - INFO - Skipping id=27667 (modified=2025-12-10 09:49:29) — newer than 3 months
2026-01-04 12:46:40,756 - INFO - Skipping id=27667 (modified=2025-12-10 09:49:29) — newer than 3 months
2026-01-04 12:46:40,766 - INFO - Skipping id=27667 (modified=2025-12-10 09:49:29) — newer than 3 months
2026-01-04 12:46:40,775 - INFO - Skipping id=27667 (modified=2025-12-10 09:49:29) — newer than 3 months
2026-01-04 12:46:40,784 - INFO - Skipping id=27667 (modified=2025-12-10 09:49:29) — newer than 3 months
2026-01-04 12:46:40,793 - INFO - Skipping id=27667 (modified=2025-12-10 09:49:29) — newer than 3 months
2026-01-04 12:46:40,804 - INFO - Skipping id=27667 (modified=2025-12-10 09:49:29) — newer than 3 months
2026-01-04 12:46:40,813 - INFO - Skipping id=27667 (modified=2025-12-10 09:49:29) — newer than 3 months
2026-01-04 12:46:40,821 - INFO - Skipping id=27667 (modified=2025-12-10 09:49:29) — newer than 3 months
2026-01-04 12:46:40,829 - INFO - Skipping id=27667 (modified=2025-12-10 09:49:29) — newer than 3 months
2026-01-04 12:46:40,838 - INFO - Skipping id=27667 (modified=2025-12-10 09:49:29) — newer than 3 months
2026-01-04 12:46:40,846 - INFO - Skipping id=27667 (modified=2025-12-10 09:49:29) — newer than 3 months
2026-01-04 12:46:40,855 - INFO - Skipping id=27667 (modified=2025-12-10 09:49:29) — newer than 3 months
2026-01-04 12:46:40,864 - INFO - Skipping id=27667 (modified=2025-12-10 09:49:29) — newer than 3 months
2026-01-04 12:46:40,873 - INFO - Skipping id=27667 (modified=2025-12-10 09:49:29) — newer than 3 months
2026-01-04 12:46:40,883 - INFO - Skipping id=27667 (modified=2025-12-10 09:49:29) — newer than 3 months
2026-01-04 12:46:40,892 - INFO - Skipping id=27667 (modified=2025-12-10 09:49:29) — newer than 3 months
2026-01-04 12:46:40,901 - INFO - Skipping id=27667 (modified=2025-12-10 09:49:29) — newer than 3 months
2026-01-04 12:46:40,911 - INFO - Skipping id=27667 (modified=2025-12-10 09:49:29) — newer than 3 months
2026-01-04 12:46:40,920 - INFO - Skipping id=27667 (modified=2025-12-10 09:49:29) — newer than 3 months
2026-01-04 12:46:40,928 - INFO - Skipping id=27667 (modified=2025-12-10 09:49:29) — newer than 3 months
2026-01-04 12:46:40,937 - INFO - Skipping id=27667 (modified=2025-12-10 09:49:29) — newer than 3 months
2026-01-04 12:46:40,947 - INFO - Skipping id=27667 (modified=2025-12-10 09:49:29) — newer than 3 months
2026-01-04 12:46:40,955 - INFO - Skipping id=27667 (modified=2025-12-10 09:49:29) — newer than 3 months
2026-01-04 12:46:40,964 - INFO - Skipping id=27667 (modified=2025-12-10 09:49:29) — newer than 3 months
2026-01-04 12:46:40,973 - INFO - Skipping id=27667 (modified=2025-12-10 09:49:29) — newer than 3 months
2026-01-04 12:46:41,017 - INFO - Skipping id=27667 (modified=2025-12-10 09:49:29) — newer than 3 months
2026-01-04 12:46:41,028 - INFO - Skipping id=27667 (modified=2025-12-10 09:49:29) — newer than 3 months
2026-01-04 12:46:41,040 - INFO - Skipping id=27667 (modified=2025-12-10 09:49:29) — newer than 3 months
2026-01-04 12:46:41,050 - INFO - Skipping id=27667 (modified=2025-12-10 09:49:29) — newer than 3 months
2026-01-04 12:46:41,060 - INFO - Skipping id=27667 (modified=2025-12-10 09:49:29) — newer than 3 months
2026-01-04 12:46:41,069 - INFO - Skipping id=27667 (modified=2025-12-10 09:49:29) — newer than 3 months
2026-01-04 12:46:41,078 - INFO - Skipping id=27667 (modified=2025-12-10 09:49:29) — newer than 3 months
2026-01-04 12:46:41,088 - INFO - Skipping id=27667 (modified=2025-12-10 09:49:29) — newer than 3 months
2026-01-04 12:46:41,096 - INFO - Skipping id=27667 (modified=2025-12-10 09:49:29) — newer than 3 months
2026-01-04 12:46:41,105 - INFO - Skipping id=27667 (modified=2025-12-10 09:49:29) — newer than 3 months
2026-01-04 12:46:41,114 - INFO - Skipping id=27667 (modified=2025-12-10 09:49:29) — newer than 3 months
2026-01-04 12:46:41,126 - INFO - Skipping id=27667 (modified=2025-12-10 09:49:29) — newer than 3 months
2026-01-04 12:46:41,134 - INFO - Skipping id=27667 (modified=2025-12-10 09:49:29) — newer than 3 months
2026-01-04 12:46:41,142 - INFO - Skipping id=27667 (modified=2025-12-10 09:49:29) — newer than 3 months
2026-01-04 12:46:41,153 - INFO - Skipping id=27667 (modified=2025-12-10 09:49:29) — newer than 3 months
2026-01-04 12:46:41,163 - INFO - Skipping id=27667 (modified=2025-12-10 09:49:29) — newer than 3 months
2026-01-04 12:46:41,171 - INFO - Skipping id=27667 (modified=2025-12-10 09:49:29) — newer than 3 months
2026-01-04 12:46:41,180 - INFO - Skipping id=27667 (modified=2025-12-10 09:49:29) — newer than 3 months
2026-01-04 12:46:41,188 - INFO - Skipping id=27667 (modified=2025-12-10 09:49:29) — newer than 3 months
2026-01-04 12:46:41,201 - INFO - Skipping id=27667 (modified=2025-12-10 09:49:29) — newer than 3 months
2026-01-04 12:46:41,211 - INFO - Skipping id=27667 (modified=2025-12-10 09:49:29) — newer than 3 months
2026-01-04 12:46:41,220 - INFO - Skipping id=27667 (modified=2025-12-10 09:49:29) — newer than 3 months
2026-01-04 12:46:41,228 - INFO - Skipping id=27667 (modified=2025-12-10 09:49:29) — newer than 3 months
2026-01-04 12:46:41,238 - INFO - Skipping id=27667 (modified=2025-12-10 09:49:29) — newer than 3 months
2026-01-04 12:46:41,246 - INFO - Skipping id=27667 (modified=2025-12-10 09:49:29) — newer than 3 months
2026-01-04 12:46:41,255 - INFO - Skipping id=27667 (modified=2025-12-10 09:49:29) — newer than 3 months
2026-01-04 12:46:41,263 - INFO - Skipping id=27667 (modified=2025-12-10 09:49:29) — newer than 3 months
2026-01-04 12:46:41,272 - INFO - Skipping id=27667 (modified=2025-12-10 09:49:29) — newer than 3 months
2026-01-04 12:46:41,280 - INFO - Skipping id=27667 (modified=2025-12-10 09:49:29) — newer than 3 months
2026-01-04 12:46:41,290 - INFO - Skipping id=27667 (modified=2025-12-10 09:49:29) — newer than 3 months
2026-01-04 12:46:41,308 - INFO - Skipping id=27667 (modified=2025-12-10 09:49:29) — newer than 3 months
2026-01-04 12:46:41,317 - INFO - Skipping id=27667 (modified=2025-12-10 09:49:29) — newer than 3 months
2026-01-04 12:46:41,327 - INFO - Skipping id=27667 (modified=2025-12-10 09:49:29) — newer than 3 months
2026-01-04 12:46:41,335 - INFO - Skipping id=27667 (modified=2025-12-10 09:49:29) — newer than 3 months
2026-01-04 12:46:41,344 - INFO - Skipping id=27667 (modified=2025-12-10 09:49:29) — newer than 3 months
2026-01-04 12:46:41,353 - INFO - Skipping id=27667 (modified=2025-12-10 09:49:29) — newer than 3 months
2026-01-04 12:46:41,362 - INFO - Skipping id=27667 (modified=2025-12-10 09:49:29) — newer than 3 months
2026-01-04 12:46:41,370 - INFO - Skipping id=27667 (modified=2025-12-10 09:49:29) — newer than 3 months
2026-01-04 12:46:41,379 - INFO - Skipping id=27667 (modified=2025-12-10 09:49:29) — newer than 3 months
2026-01-04 12:46:41,388 - INFO - Skipping id=27667 (modified=2025-12-10 09:49:29) — newer than 3 months
2026-01-04 12:46:41,396 - INFO - Skipping id=27667 (modified=2025-12-10 09:49:29) — newer than 3 months
2026-01-04 12:46:41,411 - INFO - Skipping id=27667 (modified=2025-12-10 09:49:29) — newer than 3 months
2026-01-04 12:46:41,419 - INFO - Skipping id=27667 (modified=2025-12-10 09:49:29) — newer than 3 months
2026-01-04 12:46:41,428 - INFO - Skipping id=27667 (modified=2025-12-10 09:49:29) — newer than 3 months
2026-01-04 12:46:41,436 - INFO - Skipping id=27667 (modified=2025-12-10 09:49:29) — newer than 3 months
2026-01-04 12:46:41,445 - INFO - Skipping id=27667 (modified=2025-12-10 09:49:29) — newer than 3 months
2026-01-04 12:46:41,453 - INFO - Skipping id=27667 (modified=2025-12-10 09:49:29) — newer than 3 months
2026-01-04 12:46:41,464 - INFO - Skipping id=27667 (modified=2025-12-10 09:49:29) — newer than 3 months
2026-01-04 12:46:41,471 - INFO - Skipping id=27667 (modified=2025-12-10 09:49:29) — newer than 3 months
2026-01-04 12:46:41,479 - INFO - Skipping id=27667 (modified=2025-12-10 09:49:29) — newer than 3 months
2026-01-04 12:46:41,488 - INFO - Skipping id=27667 (modified=2025-12-10 09:49:29) — newer than 3 months
2026-01-04 12:46:41,496 - INFO - Skipping id=27667 (modified=2025-12-10 09:49:29) — newer than 3 months
2026-01-04 12:46:41,506 - INFO - Skipping id=27667 (modified=2025-12-10 09:49:29) — newer than 3 months
2026-01-04 12:46:41,517 - INFO - Skipping id=27667 (modified=2025-12-10 09:49:29) — newer than 3 months
2026-01-04 12:46:41,526 - INFO - Skipping id=27667 (modified=2025-12-10 09:49:29) — newer than 3 months
2026-01-04 12:46:41,535 - INFO - Skipping id=27667 (modified=2025-12-10 09:49:29) — newer than 3 months
2026-01-04 12:46:41,543 - INFO - Skipping id=27667 (modified=2025-12-10 09:49:29) — newer than 3 months
2026-01-04 12:46:41,552 - INFO - Skipping id=27667 (modified=2025-12-10 09:49:29) — newer than 3 months
2026-01-04 12:46:41,561 - INFO - Skipping id=27667 (modified=2025-12-10 09:49:29) — newer than 3 months
2026-01-04 12:46:41,616 - INFO - Skipping id=27667 (modified=2025-12-10 09:49:29) — newer than 3 months
2026-01-04 12:46:41,628 - INFO - Skipping id=27667 (modified=2025-12-10 09:49:29) — newer than 3 months
2026-01-04 12:46:41,636 - INFO - Skipping id=27667 (modified=2025-12-10 09:49:29) — newer than 3 months
2026-01-04 12:46:41,646 - INFO - Skipping id=27667 (modified=2025-12-10 09:49:29) — newer than 3 months
2026-01-04 12:46:41,655 - INFO - Skipping id=27667 (modified=2025-12-10 09:49:29) — newer than 3 months
2026-01-04 12:46:41,664 - INFO - Skipping id=27667 (modified=2025-12-10 09:49:29) — newer than 3 months
2026-01-04 12:46:41,675 - INFO - Skipping id=27667 (modified=2025-12-10 09:49:29) — newer than 3 months
2026-01-04 12:46:41,684 - INFO - Skipping id=27667 (modified=2025-12-10 09:49:29) — newer than 3 months
2026-01-04 12:46:41,695 - INFO - Skipping id=27667 (modified=2025-12-10 09:49:29) — newer than 3 months
2026-01-04 12:46:41,703 - INFO - Skipping id=27667 (modified=2025-12-10 09:49:29) — newer than 3 months
2026-01-04 12:46:41,715 - INFO - Skipping id=27667 (modified=2025-12-10 09:49:29) — newer than 3 months
2026-01-04 12:46:41,724 - INFO - Skipping id=27667 (modified=2025-12-10 09:49:29) — newer than 3 months
2026-01-04 12:46:41,734 - INFO - Skipping id=27667 (modified=2025-12-10 09:49:29) — newer than 3 months
2026-01-04 12:46:41,744 - INFO - Skipping id=27667 (modified=2025-12-10 09:49:29) — newer than 3 months
2026-01-04 12:46:41,753 - INFO - Skipping id=27667 (modified=2025-12-10 09:49:29) — newer than 3 months
2026-01-04 12:46:41,761 - INFO - Skipping id=27667 (modified=2025-12-10 09:49:29) — newer than 3 months
2026-01-04 12:46:41,773 - INFO - Skipping id=27667 (modified=2025-12-10 09:49:29) — newer than 3 months
2026-01-04 12:46:41,783 - INFO - Skipping id=27667 (modified=2025-12-10 09:49:29) — newer than 3 months
2026-01-04 12:46:41,792 - INFO - Skipping id=27667 (modified=2025-12-10 09:49:29) — newer than 3 months
2026-01-04 12:46:41,801 - INFO - Skipping id=27667 (modified=2025-12-10 09:49:29) — newer than 3 months
2026-01-04 12:46:41,811 - INFO - Skipping id=27667 (modified=2025-12-10 09:49:29) — newer than 3 months
2026-01-04 12:46:41,821 - INFO - Skipping id=27667 (modified=2025-12-10 09:49:29) — newer than 3 months
2026-01-04 12:46:41,831 - INFO - Skipping id=27667 (modified=2025-12-10 09:49:29) — newer than 3 months
2026-01-04 12:46:41,842 - INFO - Skipping id=27667 (modified=2025-12-10 09:49:29) — newer than 3 months
2026-01-04 12:46:41,850 - INFO - Skipping id=27667 (modified=2025-12-10 09:49:29) — newer than 3 months
2026-01-04 12:46:41,859 - INFO - Skipping id=27667 (modified=2025-12-10 09:49:29) — newer than 3 months
2026-01-04 12:46:41,900 - INFO - Skipping id=27667 (modified=2025-12-10 09:49:29) — newer than 3 months
2026-01-04 12:46:41,909 - INFO - Skipping id=27667 (modified=2025-12-10 09:49:29) — newer than 3 months
2026-01-04 12:46:41,919 - INFO - Skipping id=27667 (modified=2025-12-10 09:49:29) — newer than 3 months
2026-01-04 12:46:41,928 - INFO - Skipping id=27667 (modified=2025-12-10 09:49:29) — newer than 3 months
2026-01-04 12:46:41,937 - INFO - Skipping id=27667 (modified=2025-12-10 09:49:29) — newer than 3 months
2026-01-04 12:46:41,946 - INFO - Skipping id=27667 (modified=2025-12-10 09:49:29) — newer than 3 months
2026-01-04 12:46:41,954 - INFO - Skipping id=27667 (modified=2025-12-10 09:49:29) — newer than 3 months
2026-01-04 12:46:41,963 - INFO - Skipping id=27667 (modified=2025-12-10 09:49:29) — newer than 3 months
2026-01-04 12:46:41,972 - INFO - Skipping id=27667 (modified=2025-12-10 09:49:29) — newer than 3 months
2026-01-04 12:46:41,981 - INFO - Skipping id=27667 (modified=2025-12-10 09:49:29) — newer than 3 months
2026-01-04 12:46:41,990 - INFO - Skipping id=27667 (modified=2025-12-10 09:49:29) — newer than 3 months
2026-01-04 12:46:41,999 - INFO - Skipping id=27667 (modified=2025-12-10 09:49:29) — newer than 3 months
2026-01-04 12:46:42,011 - INFO - Skipping id=27667 (modified=2025-12-10 09:49:29) — newer than 3 months
2026-01-04 12:46:42,023 - INFO - Skipping id=27667 (modified=2025-12-10 09:49:29) — newer than 3 months
2026-01-04 12:46:42,031 - INFO - Skipping id=27667 (modified=2025-12-10 09:49:29) — newer than 3 months
2026-01-04 12:46:42,041 - INFO - Skipping id=27667 (modified=2025-12-10 09:49:29) — newer than 3 months
2026-01-04 12:46:42,050 - INFO - Skipping id=27667 (modified=2025-12-10 09:49:29) — newer than 3 months
2026-01-04 12:46:42,060 - INFO - Skipping id=27667 (modified=2025-12-10 09:49:29) — newer than 3 months
2026-01-04 12:46:42,069 - INFO - Skipping id=27667 (modified=2025-12-10 09:49:29) — newer than 3 months
2026-01-04 12:46:42,077 - INFO - Skipping id=27667 (modified=2025-12-10 09:49:29) — newer than 3 months
2026-01-04 12:46:42,085 - INFO - Skipping id=27667 (modified=2025-12-10 09:49:29) — newer than 3 months
2026-01-04 12:46:42,096 - INFO - Skipping id=27667 (modified=2025-12-10 09:49:29) — newer than 3 months
2026-01-04 12:46:42,105 - INFO - Skipping id=27667 (modified=2025-12-10 09:49:29) — newer than 3 months
2026-01-04 12:46:42,113 - INFO - Skipping id=27667 (modified=2025-12-10 09:49:29) — newer than 3 months
2026-01-04 12:46:42,124 - INFO - Skipping id=27667 (modified=2025-12-10 09:49:29) — newer than 3 months
2026-01-04 12:46:42,133 - INFO - Skipping id=27667 (modified=2025-12-10 09:49:29) — newer than 3 months
2026-01-04 12:46:42,142 - INFO - Skipping id=27667 (modified=2025-12-10 09:49:29) — newer than 3 months
2026-01-04 12:46:42,152 - INFO - Skipping id=27667 (modified=2025-12-10 09:49:29) — newer than 3 months
2026-01-04 12:46:42,161 - INFO - Skipping id=27667 (modified=2025-12-10 09:49:29) — newer than 3 months
2026-01-04 12:46:42,170 - INFO - Skipping id=27667 (modified=2025-12-10 09:49:29) — newer than 3 months
2026-01-04 12:46:42,179 - INFO - Skipping id=27667 (modified=2025-12-10 09:49:29) — newer than 3 months
2026-01-04 12:46:42,188 - INFO - Skipping id=27667 (modified=2025-12-10 09:49:29) — newer than 3 months
2026-01-04 12:46:42,200 - INFO - Skipping id=27667 (modified=2025-12-10 09:49:29) — newer than 3 months
2026-01-04 12:46:42,247 - INFO - Skipping id=27667 (modified=2025-12-10 09:49:29) — newer than 3 months
2026-01-04 12:46:42,261 - INFO - Skipping id=27667 (modified=2025-12-10 09:49:29) — newer than 3 months
2026-01-04 12:46:42,270 - INFO - Skipping id=27667 (modified=2025-12-10 09:49:29) — newer than 3 months
2026-01-04 12:46:42,283 - INFO - Skipping id=27667 (modified=2025-12-10 09:49:29) — newer than 3 months
2026-01-04 12:46:42,293 - INFO - Skipping id=27667 (modified=2025-12-10 09:49:29) — newer than 3 months
2026-01-04 12:46:42,302 - INFO - Skipping id=27667 (modified=2025-12-10 09:49:29) — newer than 3 months
2026-01-04 12:46:42,311 - INFO - Skipping id=27667 (modified=2025-12-10 09:49:29) — newer than 3 months
2026-01-04 12:46:42,319 - INFO - Skipping id=27667 (modified=2025-12-10 09:49:29) — newer than 3 months
2026-01-04 12:46:42,328 - INFO - Skipping id=27667 (modified=2025-12-10 09:49:29) — newer than 3 months
2026-01-04 12:46:42,338 - INFO - Skipping id=27667 (modified=2025-12-10 09:49:29) — newer than 3 months
2026-01-04 12:46:42,347 - INFO - Skipping id=27667 (modified=2025-12-10 09:49:29) — newer than 3 months
2026-01-04 12:46:42,356 - INFO - Skipping id=27667 (modified=2025-12-10 09:49:29) — newer than 3 months
2026-01-04 12:46:42,366 - INFO - Skipping id=27667 (modified=2025-12-10 09:49:29) — newer than 3 months
2026-01-04 12:46:42,374 - INFO - Skipping id=27667 (modified=2025-12-10 09:49:29) — newer than 3 months
2026-01-04 12:46:42,383 - INFO - Skipping id=27667 (modified=2025-12-10 09:49:29) — newer than 3 months
2026-01-04 12:46:42,391 - INFO - Skipping id=27667 (modified=2025-12-10 09:49:29) — newer than 3 months
2026-01-04 12:46:42,408 - INFO - Skipping id=27667 (modified=2025-12-10 09:49:29) — newer than 3 months
2026-01-04 12:46:42,420 - INFO - Skipping id=27667 (modified=2025-12-10 09:49:29) — newer than 3 months
2026-01-04 12:46:42,448 - INFO - Skipping id=27667 (modified=2025-12-10 09:49:29) — newer than 3 months
2026-01-04 12:46:42,458 - INFO - Skipping id=27667 (modified=2025-12-10 09:49:29) — newer than 3 months
2026-01-04 12:46:42,477 - INFO - Skipping id=27667 (modified=2025-12-10 09:49:29) — newer than 3 months
2026-01-04 12:46:42,502 - INFO - Skipping id=27667 (modified=2025-12-10 09:49:29) — newer than 3 months
2026-01-04 12:46:42,511 - INFO - Skipping id=27667 (modified=2025-12-10 09:49:29) — newer than 3 months
2026-01-04 12:46:42,520 - INFO - Skipping id=27667 (modified=2025-12-10 09:49:29) — newer than 3 months
2026-01-04 12:46:42,532 - INFO - Skipping id=27667 (modified=2025-12-10 09:49:29) — newer than 3 months
2026-01-04 12:46:42,549 - INFO - Skipping id=27667 (modified=2025-12-10 09:49:29) — newer than 3 months
2026-01-04 12:46:42,557 - INFO - Skipping id=27667 (modified=2025-12-10 09:49:29) — newer than 3 months
2026-01-04 12:46:42,568 - INFO - Skipping id=27667 (modified=2025-12-10 09:49:29) — newer than 3 months
2026-01-04 12:46:42,577 - INFO - Skipping id=27667 (modified=2025-12-10 09:49:29) — newer than 3 months
2026-01-04 12:46:42,585 - INFO - Skipping id=27667 (modified=2025-12-10 09:49:29) — newer than 3 months
2026-01-04 12:46:42,594 - INFO - Skipping id=27667 (modified=2025-12-10 09:49:29) — newer than 3 months
2026-01-04 12:46:42,604 - INFO - Skipping id=27667 (modified=2025-12-10 09:49:29) — newer than 3 months
2026-01-04 12:46:42,613 - INFO - Skipping id=27667 (modified=2025-12-10 09:49:29) — newer than 3 months
2026-01-04 12:46:42,623 - INFO - Skipping id=27667 (modified=2025-12-10 09:49:29) — newer than 3 months
2026-01-04 12:46:42,632 - INFO - Skipping id=27667 (modified=2025-12-10 09:49:29) — newer than 3 months
2026-01-04 12:46:42,641 - INFO - Skipping id=27667 (modified=2025-12-10 09:49:29) — newer than 3 months
2026-01-04 12:46:42,652 - INFO - Skipping id=27667 (modified=2025-12-10 09:49:29) — newer than 3 months
2026-01-04 12:46:42,660 - INFO - Skipping id=27667 (modified=2025-12-10 09:49:29) — newer than 3 months
2026-01-04 12:46:42,670 - INFO - Skipping id=27667 (modified=2025-12-10 09:49:29) — newer than 3 months
2026-01-04 12:46:42,708 - INFO - Skipping id=27667 (modified=2025-12-10 09:49:29) — newer than 3 months
2026-01-04 12:46:42,718 - INFO - Skipping id=27667 (modified=2025-12-10 09:49:29) — newer than 3 months
2026-01-04 12:46:42,763 - INFO - Skipping id=27667 (modified=2025-12-10 09:49:29) — newer than 3 months
2026-01-04 12:46:42,773 - INFO - Skipping id=27667 (modified=2025-12-10 09:49:29) — newer than 3 months
2026-01-04 12:46:42,781 - INFO - Skipping id=27667 (modified=2025-12-10 09:49:29) — newer than 3 months
2026-01-04 12:46:42,791 - INFO - Skipping id=27667 (modified=2025-12-10 09:49:29) — newer than 3 months
2026-01-04 12:46:42,800 - INFO - Skipping id=27667 (modified=2025-12-10 09:49:29) — newer than 3 months
2026-01-04 12:46:42,810 - INFO - Skipping id=27667 (modified=2025-12-10 09:49:29) — newer than 3 months
2026-01-04 12:46:42,819 - INFO - Skipping id=27667 (modified=2025-12-10 09:49:29) — newer than 3 months
2026-01-04 12:46:42,829 - INFO - Skipping id=27667 (modified=2025-12-10 09:49:29) — newer than 3 months
2026-01-04 12:46:42,845 - INFO - Skipping id=27667 (modified=2025-12-10 09:49:29) — newer than 3 months
2026-01-04 12:46:42,853 - INFO - Skipping id=27667 (modified=2025-12-10 09:49:29) — newer than 3 months
2026-01-04 12:46:42,865 - INFO - Skipping id=27667 (modified=2025-12-10 09:49:29) — newer than 3 months
2026-01-04 12:46:42,874 - INFO - Skipping id=27667 (modified=2025-12-10 09:49:29) — newer than 3 months
2026-01-04 12:46:42,882 - INFO - Skipping id=27667 (modified=2025-12-10 09:49:29) — newer than 3 months
2026-01-04 12:46:42,891 - INFO - Skipping id=27667 (modified=2025-12-10 09:49:29) — newer than 3 months
2026-01-04 12:46:42,899 - INFO - Skipping id=27667 (modified=2025-12-10 09:49:29) — newer than 3 months
2026-01-04 12:46:42,945 - INFO - Skipping id=27667 (modified=2025-12-10 09:49:29) — newer than 3 months
2026-01-04 12:46:42,958 - INFO - Skipping id=27667 (modified=2025-12-10 09:49:29) — newer than 3 months
2026-01-04 12:46:42,967 - INFO - Skipping id=27667 (modified=2025-12-10 09:49:29) — newer than 3 months
2026-01-04 12:46:42,979 - INFO - Skipping id=27667 (modified=2025-12-10 09:49:29) — newer than 3 months
2026-01-04 12:46:42,986 - INFO - Skipping id=27667 (modified=2025-12-10 09:49:29) — newer than 3 months
2026-01-04 12:46:42,995 - INFO - Skipping id=27667 (modified=2025-12-10 09:49:29) — newer than 3 months
2026-01-04 12:46:43,004 - INFO - Skipping id=27667 (modified=2025-12-10 09:49:29) — newer than 3 months
2026-01-04 12:46:43,013 - INFO - Skipping id=27667 (modified=2025-12-10 09:49:29) — newer than 3 months
2026-01-04 12:46:43,023 - INFO - Skipping id=27667 (modified=2025-12-10 09:49:29) — newer than 3 months
2026-01-04 12:46:43,052 - INFO - Skipping id=27667 (modified=2025-12-10 09:49:29) — newer than 3 months
2026-01-04 12:46:43,061 - INFO - Skipping id=27667 (modified=2025-12-10 09:49:29) — newer than 3 months
2026-01-04 12:46:43,070 - INFO - Skipping id=27667 (modified=2025-12-10 09:49:29) — newer than 3 months
2026-01-04 12:46:43,080 - INFO - Skipping id=27667 (modified=2025-12-10 09:49:29) — newer than 3 months
2026-01-04 12:46:43,089 - INFO - Skipping id=27667 (modified=2025-12-10 09:49:29) — newer than 3 months
2026-01-04 12:46:43,098 - INFO - Skipping id=27667 (modified=2025-12-10 09:49:29) — newer than 3 months
2026-01-04 12:46:43,106 - INFO - Skipping id=27667 (modified=2025-12-10 09:49:29) — newer than 3 months
2026-01-04 12:46:43,116 - INFO - Skipping id=27667 (modified=2025-12-10 09:49:29) — newer than 3 months
2026-01-04 12:46:43,124 - INFO - Skipping id=27667 (modified=2025-12-10 09:49:29) — newer than 3 months
2026-01-04 12:46:43,134 - INFO - Skipping id=27667 (modified=2025-12-10 09:49:29) — newer than 3 months
2026-01-04 12:46:43,143 - INFO - Skipping id=27667 (modified=2025-12-10 09:49:29) — newer than 3 months
2026-01-04 12:46:43,152 - INFO - Skipping id=27667 (modified=2025-12-10 09:49:29) — newer than 3 months
2026-01-04 12:46:43,160 - INFO - Skipping id=27667 (modified=2025-12-10 09:49:29) — newer than 3 months
2026-01-04 12:46:43,169 - INFO - Skipping id=27667 (modified=2025-12-10 09:49:29) — newer than 3 months
2026-01-04 12:46:43,178 - INFO - Skipping id=27667 (modified=2025-12-10 09:49:29) — newer than 3 months
2026-01-04 12:46:43,186 - INFO - Skipping id=27667 (modified=2025-12-10 09:49:29) — newer than 3 months
2026-01-04 12:46:43,195 - INFO - Skipping id=27667 (modified=2025-12-10 09:49:29) — newer than 3 months
2026-01-04 12:46:43,203 - INFO - Skipping id=27667 (modified=2025-12-10 09:49:29) — newer than 3 months
2026-01-04 12:46:43,212 - INFO - Skipping id=27667 (modified=2025-12-10 09:49:29) — newer than 3 months
2026-01-04 12:46:43,219 - INFO - Skipping id=27667 (modified=2025-12-10 09:49:29) — newer than 3 months
2026-01-04 12:46:43,229 - INFO - Skipping id=27667 (modified=2025-12-10 09:49:29) — newer than 3 months
2026-01-04 12:46:43,237 - INFO - Skipping id=27667 (modified=2025-12-10 09:49:29) — newer than 3 months
2026-01-04 12:46:43,247 - INFO - Skipping id=27667 (modified=2025-12-10 09:49:29) — newer than 3 months
2026-01-04 12:46:43,257 - INFO - Skipping id=27667 (modified=2025-12-10 09:49:29) — newer than 3 months
2026-01-04 12:46:43,265 - INFO - Skipping id=27667 (modified=2025-12-10 09:49:29) — newer than 3 months
2026-01-04 12:46:43,275 - INFO - Skipping id=27667 (modified=2025-12-10 09:49:29) — newer than 3 months
2026-01-04 12:46:43,284 - INFO - Skipping id=27667 (modified=2025-12-10 09:49:29) — newer than 3 months
2026-01-04 12:46:43,293 - INFO - Skipping id=27667 (modified=2025-12-10 09:49:29) — newer than 3 months
2026-01-04 12:46:43,302 - INFO - Skipping id=27667 (modified=2025-12-10 09:49:29) — newer than 3 months
2026-01-04 12:46:43,312 - INFO - Skipping id=27667 (modified=2025-12-10 09:49:29) — newer than 3 months
2026-01-04 12:46:43,320 - INFO - Skipping id=27667 (modified=2025-12-10 09:49:29) — newer than 3 months
2026-01-04 12:46:43,328 - INFO - Skipping id=27667 (modified=2025-12-10 09:49:29) — newer than 3 months
2026-01-04 12:46:43,337 - INFO - Skipping id=27667 (modified=2025-12-10 09:49:29) — newer than 3 months
2026-01-04 12:46:43,345 - INFO - Skipping id=27667 (modified=2025-12-10 09:49:29) — newer than 3 months
2026-01-04 12:46:43,356 - INFO - Skipping id=27667 (modified=2025-12-10 09:49:29) — newer than 3 months
2026-01-04 12:46:43,366 - INFO - Skipping id=27667 (modified=2025-12-10 09:49:29) — newer than 3 months
2026-01-04 12:46:43,375 - INFO - Skipping id=27667 (modified=2025-12-10 09:49:29) — newer than 3 months
2026-01-04 12:46:43,384 - INFO - Skipping id=27667 (modified=2025-12-10 09:49:29) — newer than 3 months
2026-01-04 12:46:43,392 - INFO - Skipping id=27667 (modified=2025-12-10 09:49:29) — newer than 3 months
2026-01-04 12:46:43,401 - INFO - Skipping id=27667 (modified=2025-12-10 09:49:29) — newer than 3 months
2026-01-04 12:46:43,410 - INFO - Skipping id=27667 (modified=2025-12-10 09:49:29) — newer than 3 months
2026-01-04 12:46:43,420 - INFO - Skipping id=27667 (modified=2025-12-10 09:49:29) — newer than 3 months
2026-01-04 12:46:43,429 - INFO - Skipping id=27667 (modified=2025-12-10 09:49:29) — newer than 3 months
2026-01-04 12:46:43,437 - INFO - Skipping id=27667 (modified=2025-12-10 09:49:29) — newer than 3 months
2026-01-04 12:46:43,449 - INFO - Skipping id=27667 (modified=2025-12-10 09:49:29) — newer than 3 months
2026-01-04 12:46:43,460 - INFO - Skipping id=27667 (modified=2025-12-10 09:49:29) — newer than 3 months
2026-01-04 12:46:43,468 - INFO - Skipping id=27667 (modified=2025-12-10 09:49:29) — newer than 3 months
2026-01-04 12:46:43,477 - INFO - Skipping id=27667 (modified=2025-12-10 09:49:29) — newer than 3 months
2026-01-04 12:46:43,485 - INFO - Skipping id=27667 (modified=2025-12-10 09:49:29) — newer than 3 months
2026-01-04 12:46:43,494 - INFO - Skipping id=27667 (modified=2025-12-10 09:49:29) — newer than 3 months
2026-01-04 12:46:43,502 - INFO - Skipping id=27667 (modified=2025-12-10 09:49:29) — newer than 3 months
2026-01-04 12:46:43,513 - INFO - Skipping id=27667 (modified=2025-12-10 09:49:29) — newer than 3 months
2026-01-04 12:46:43,522 - INFO - Skipping id=27667 (modified=2025-12-10 09:49:29) — newer than 3 months
2026-01-04 12:46:43,531 - INFO - Skipping id=27667 (modified=2025-12-10 09:49:29) — newer than 3 months
2026-01-04 12:46:43,540 - INFO - Skipping id=27667 (modified=2025-12-10 09:49:29) — newer than 3 months
2026-01-04 12:46:43,549 - INFO - Skipping id=27667 (modified=2025-12-10 09:49:29) — newer than 3 months
2026-01-04 12:46:43,564 - INFO - Skipping id=27667 (modified=2025-12-10 09:49:29) — newer than 3 months
2026-01-04 12:46:43,574 - INFO - Skipping id=27667 (modified=2025-12-10 09:49:29) — newer than 3 months
2026-01-04 12:46:43,583 - INFO - Skipping id=27667 (modified=2025-12-10 09:49:29) — newer than 3 months
2026-01-04 12:46:43,592 - INFO - Skipping id=27667 (modified=2025-12-10 09:49:29) — newer than 3 months
2026-01-04 12:46:43,600 - INFO - Skipping id=27667 (modified=2025-12-10 09:49:29) — newer than 3 months
2026-01-04 12:46:43,610 - INFO - Skipping id=27667 (modified=2025-12-10 09:49:29) — newer than 3 months
2026-01-04 12:46:43,619 - INFO - Skipping id=27667 (modified=2025-12-10 09:49:29) — newer than 3 months
2026-01-04 12:46:43,628 - INFO - Skipping id=27667 (modified=2025-12-10 09:49:29) — newer than 3 months
2026-01-04 12:46:43,637 - INFO - Skipping id=27667 (modified=2025-12-10 09:49:29) — newer than 3 months
2026-01-04 12:46:43,645 - INFO - Skipping id=27667 (modified=2025-12-10 09:49:29) — newer than 3 months
2026-01-04 12:46:43,654 - INFO - Skipping id=27667 (modified=2025-12-10 09:49:29) — newer than 3 months
2026-01-04 12:46:43,664 - INFO - Skipping id=27667 (modified=2025-12-10 09:49:29) — newer than 3 months
2026-01-04 12:46:43,673 - INFO - Skipping id=27667 (modified=2025-12-10 09:49:29) — newer than 3 months
2026-01-04 12:46:43,683 - INFO - Skipping id=27667 (modified=2025-12-10 09:49:29) — newer than 3 months
2026-01-04 12:46:43,691 - INFO - Skipping id=27667 (modified=2025-12-10 09:49:29) — newer than 3 months
2026-01-04 12:46:43,700 - INFO - Skipping id=27667 (modified=2025-12-10 09:49:29) — newer than 3 months
2026-01-04 12:46:43,709 - INFO - Skipping id=27667 (modified=2025-12-10 09:49:29) — newer than 3 months
2026-01-04 12:46:43,718 - INFO - Skipping id=27667 (modified=2025-12-10 09:49:29) — newer than 3 months
2026-01-04 12:46:43,726 - INFO - Skipping id=27667 (modified=2025-12-10 09:49:29) — newer than 3 months
2026-01-04 12:46:43,736 - INFO - Skipping id=27667 (modified=2025-12-10 09:49:29) — newer than 3 months
2026-01-04 12:46:43,744 - INFO - Skipping id=27667 (modified=2025-12-10 09:49:29) — newer than 3 months
2026-01-04 12:46:43,752 - INFO - Skipping id=27667 (modified=2025-12-10 09:49:29) — newer than 3 months
2026-01-04 12:46:43,765 - INFO - Skipping id=27667 (modified=2025-12-10 09:49:29) — newer than 3 months
2026-01-04 12:46:43,788 - INFO - Skipping id=27667 (modified=2025-12-10 09:49:29) — newer than 3 months
2026-01-04 12:46:43,797 - INFO - Skipping id=27667 (modified=2025-12-10 09:49:29) — newer than 3 months
2026-01-04 12:46:43,808 - INFO - Skipping id=27667 (modified=2025-12-10 09:49:29) — newer than 3 months
2026-01-04 12:46:43,817 - INFO - Skipping id=27667 (modified=2025-12-10 09:49:29) — newer than 3 months
2026-01-04 12:46:43,826 - INFO - Skipping id=27667 (modified=2025-12-10 09:49:29) — newer than 3 months
2026-01-04 12:46:43,834 - INFO - Skipping id=27667 (modified=2025-12-10 09:49:29) — newer than 3 months
2026-01-04 12:46:43,845 - INFO - Skipping id=27667 (modified=2025-12-10 09:49:29) — newer than 3 months
2026-01-04 12:46:43,868 - INFO - Skipping id=27667 (modified=2025-12-10 09:49:29) — newer than 3 months
2026-01-04 12:46:43,887 - INFO - Skipping id=27667 (modified=2025-12-10 09:49:29) — newer than 3 months
2026-01-04 12:46:43,901 - INFO - Skipping id=27667 (modified=2025-12-10 09:49:29) — newer than 3 months
2026-01-04 12:46:43,914 - INFO - Skipping id=27667 (modified=2025-12-10 09:49:29) — newer than 3 months
2026-01-04 12:46:43,924 - INFO - Skipping id=27667 (modified=2025-12-10 09:49:29) — newer than 3 months
2026-01-04 12:46:43,934 - INFO - Skipping id=27667 (modified=2025-12-10 09:49:29) — newer than 3 months
2026-01-04 12:46:43,943 - INFO - Skipping id=27667 (modified=2025-12-10 09:49:29) — newer than 3 months
2026-01-04 12:46:43,951 - INFO - Skipping id=27667 (modified=2025-12-10 09:49:29) — newer than 3 months
2026-01-04 12:46:43,962 - INFO - Skipping id=27667 (modified=2025-12-10 09:49:29) — newer than 3 months
2026-01-04 12:46:43,971 - INFO - Skipping id=27667 (modified=2025-12-10 09:49:29) — newer than 3 months
2026-01-04 12:46:43,979 - INFO - Skipping id=27667 (modified=2025-12-10 09:49:29) — newer than 3 months
2026-01-04 12:46:43,991 - INFO - Skipping id=27667 (modified=2025-12-10 09:49:29) — newer than 3 months
2026-01-04 12:46:44,001 - INFO - Skipping id=27667 (modified=2025-12-10 09:49:29) — newer than 3 months
2026-01-04 12:46:44,014 - INFO - Skipping id=27667 (modified=2025-12-10 09:49:29) — newer than 3 months
2026-01-04 12:46:44,023 - INFO - Skipping id=27667 (modified=2025-12-10 09:49:29) — newer than 3 months
2026-01-04 12:46:44,033 - INFO - Skipping id=27667 (modified=2025-12-10 09:49:29) — newer than 3 months
2026-01-04 12:46:44,042 - INFO - Skipping id=27667 (modified=2025-12-10 09:49:29) — newer than 3 months
2026-01-04 12:46:44,051 - INFO - Skipping id=27667 (modified=2025-12-10 09:49:29) — newer than 3 months
2026-01-04 12:46:44,081 - INFO - Skipping id=27667 (modified=2025-12-10 09:49:29) — newer than 3 months
2026-01-04 12:46:44,089 - INFO - Skipping id=27667 (modified=2025-12-10 09:49:29) — newer than 3 months
2026-01-04 12:46:44,099 - INFO - Skipping id=27667 (modified=2025-12-10 09:49:29) — newer than 3 months
2026-01-04 12:46:44,109 - INFO - Skipping id=27667 (modified=2025-12-10 09:49:29) — newer than 3 months
2026-01-04 12:46:44,120 - INFO - Skipping id=27667 (modified=2025-12-10 09:49:29) — newer than 3 months
2026-01-04 12:46:44,129 - INFO - Skipping id=27667 (modified=2025-12-10 09:49:29) — newer than 3 months
2026-01-04 12:46:44,138 - INFO - Skipping id=27667 (modified=2025-12-10 09:49:29) — newer than 3 months
2026-01-04 12:46:44,147 - INFO - Skipping id=27667 (modified=2025-12-10 09:49:29) — newer than 3 months
2026-01-04 12:46:44,155 - INFO - Skipping id=27667 (modified=2025-12-10 09:49:29) — newer than 3 months
2026-01-04 12:46:44,164 - INFO - Skipping id=27667 (modified=2025-12-10 09:49:29) — newer than 3 months
2026-01-04 12:46:44,173 - INFO - Skipping id=27667 (modified=2025-12-10 09:49:29) — newer than 3 months
2026-01-04 12:46:44,183 - INFO - Skipping id=27667 (modified=2025-12-10 09:49:29) — newer than 3 months
2026-01-04 12:46:44,192 - INFO - Skipping id=27667 (modified=2025-12-10 09:49:29) — newer than 3 months
2026-01-04 12:46:44,204 - INFO - Skipping id=27667 (modified=2025-12-10 09:49:29) — newer than 3 months
2026-01-04 12:46:44,214 - INFO - Skipping id=27667 (modified=2025-12-10 09:49:29) — newer than 3 months
2026-01-04 12:46:44,229 - INFO - Skipping id=27667 (modified=2025-12-10 09:49:29) — newer than 3 months
2026-01-04 12:46:44,239 - INFO - Skipping id=27667 (modified=2025-12-10 09:49:29) — newer than 3 months
2026-01-04 12:46:44,248 - INFO - Skipping id=27667 (modified=2025-12-10 09:49:29) — newer than 3 months
2026-01-04 12:46:44,258 - INFO - Skipping id=27667 (modified=2025-12-10 09:49:29) — newer than 3 months
2026-01-04 12:46:44,267 - INFO - Skipping id=27667 (modified=2025-12-10 09:49:29) — newer than 3 months
2026-01-04 12:46:44,277 - INFO - Skipping id=27667 (modified=2025-12-10 09:49:29) — newer than 3 months
2026-01-04 12:46:44,287 - INFO - Skipping id=27667 (modified=2025-12-10 09:49:29) — newer than 3 months
2026-01-04 12:46:44,297 - INFO - Skipping id=27667 (modified=2025-12-10 09:49:29) — newer than 3 months
2026-01-04 12:46:44,305 - INFO - Skipping id=27667 (modified=2025-12-10 09:49:29) — newer than 3 months
2026-01-04 12:46:44,316 - INFO - Skipping id=27667 (modified=2025-12-10 09:49:29) — newer than 3 months
2026-01-04 12:46:44,327 - INFO - Skipping id=27667 (modified=2025-12-10 09:49:29) — newer than 3 months
2026-01-04 12:46:44,335 - INFO - Skipping id=27667 (modified=2025-12-10 09:49:29) — newer than 3 months
2026-01-04 12:46:44,344 - INFO - Skipping id=27667 (modified=2025-12-10 09:49:29) — newer than 3 months
2026-01-04 12:46:44,353 - INFO - Skipping id=27667 (modified=2025-12-10 09:49:29) — newer than 3 months
2026-01-04 12:46:44,361 - INFO - Skipping id=27667 (modified=2025-12-10 09:49:29) — newer than 3 months
2026-01-04 12:46:44,370 - INFO - Skipping id=27667 (modified=2025-12-10 09:49:29) — newer than 3 months
2026-01-04 12:46:44,381 - INFO - Skipping id=27667 (modified=2025-12-10 09:49:29) — newer than 3 months
2026-01-04 12:46:44,392 - INFO - Skipping id=27667 (modified=2025-12-10 09:49:29) — newer than 3 months
2026-01-04 12:46:44,402 - INFO - Skipping id=27667 (modified=2025-12-10 09:49:29) — newer than 3 months
2026-01-04 12:46:44,411 - INFO - Skipping id=27667 (modified=2025-12-10 09:49:29) — newer than 3 months
2026-01-04 12:46:44,419 - INFO - Skipping id=27667 (modified=2025-12-10 09:49:29) — newer than 3 months
2026-01-04 12:46:44,434 - INFO - Skipping id=27667 (modified=2025-12-10 09:49:29) — newer than 3 months
2026-01-04 12:46:44,444 - INFO - Skipping id=27667 (modified=2025-12-10 09:49:29) — newer than 3 months
2026-01-04 12:46:44,453 - INFO - Skipping id=27667 (modified=2025-12-10 09:49:29) — newer than 3 months
2026-01-04 12:46:44,462 - INFO - Skipping id=27667 (modified=2025-12-10 09:49:29) — newer than 3 months
2026-01-04 12:46:44,472 - INFO - Skipping id=27667 (modified=2025-12-10 09:49:29) — newer than 3 months
2026-01-04 12:46:44,481 - INFO - Skipping id=27667 (modified=2025-12-10 09:49:29) — newer than 3 months
2026-01-04 12:46:44,489 - INFO - Skipping id=27667 (modified=2025-12-10 09:49:29) — newer than 3 months
2026-01-04 12:46:44,500 - INFO - Skipping id=27667 (modified=2025-12-10 09:49:29) — newer than 3 months
2026-01-04 12:46:44,509 - INFO - Skipping id=27667 (modified=2025-12-10 09:49:29) — newer than 3 months
2026-01-04 12:46:44,518 - INFO - Skipping id=27667 (modified=2025-12-10 09:49:29) — newer than 3 months
2026-01-04 12:46:44,527 - INFO - Skipping id=27667 (modified=2025-12-10 09:49:29) — newer than 3 months
2026-01-04 12:46:44,536 - INFO - Skipping id=27667 (modified=2025-12-10 09:49:29) — newer than 3 months
2026-01-04 12:46:44,545 - INFO - Skipping id=27667 (modified=2025-12-10 09:49:29) — newer than 3 months
2026-01-04 12:46:44,553 - INFO - Skipping id=27667 (modified=2025-12-10 09:49:29) — newer than 3 months
2026-01-04 12:46:44,562 - INFO - Skipping id=27667 (modified=2025-12-10 09:49:29) — newer than 3 months
2026-01-04 12:46:44,612 - INFO - Skipping id=27667 (modified=2025-12-10 09:49:29) — newer than 3 months
2026-01-04 12:46:44,623 - INFO - Skipping id=27667 (modified=2025-12-10 09:49:29) — newer than 3 months
2026-01-04 12:46:44,638 - INFO - Skipping id=27667 (modified=2025-12-10 09:49:29) — newer than 3 months
2026-01-04 12:46:44,647 - INFO - Skipping id=27667 (modified=2025-12-10 09:49:29) — newer than 3 months
2026-01-04 12:46:44,655 - INFO - Skipping id=27667 (modified=2025-12-10 09:49:29) — newer than 3 months
2026-01-04 12:46:44,665 - INFO - Skipping id=27667 (modified=2025-12-10 09:49:29) — newer than 3 months
2026-01-04 12:46:44,673 - INFO - Skipping id=27667 (modified=2025-12-10 09:49:29) — newer than 3 months
2026-01-04 12:46:44,684 - INFO - Skipping id=27667 (modified=2025-12-10 09:49:29) — newer than 3 months
2026-01-04 12:46:44,693 - INFO - Skipping id=27667 (modified=2025-12-10 09:49:29) — newer than 3 months
2026-01-04 12:46:44,701 - INFO - Skipping id=27667 (modified=2025-12-10 09:49:29) — newer than 3 months
2026-01-04 12:46:44,710 - INFO - Skipping id=27667 (modified=2025-12-10 09:49:29) — newer than 3 months
2026-01-04 12:46:44,718 - INFO - Skipping id=27667 (modified=2025-12-10 09:49:29) — newer than 3 months
2026-01-04 12:46:44,727 - INFO - Skipping id=27667 (modified=2025-12-10 09:49:29) — newer than 3 months
2026-01-04 12:46:44,735 - INFO - Skipping id=27667 (modified=2025-12-10 09:49:29) — newer than 3 months
2026-01-04 12:46:44,744 - INFO - Skipping id=27667 (modified=2025-12-10 09:49:29) — newer than 3 months
2026-01-04 12:46:44,753 - INFO - Skipping id=27667 (modified=2025-12-10 09:49:29) — newer than 3 months
2026-01-04 12:46:44,762 - INFO - Skipping id=27667 (modified=2025-12-10 09:49:29) — newer than 3 months
2026-01-04 12:46:44,771 - INFO - Skipping id=27667 (modified=2025-12-10 09:49:29) — newer than 3 months
2026-01-04 12:46:44,780 - INFO - Skipping id=27667 (modified=2025-12-10 09:49:29) — newer than 3 months
2026-01-04 12:46:44,790 - INFO - Skipping id=27667 (modified=2025-12-10 09:49:29) — newer than 3 months
2026-01-04 12:46:44,798 - INFO - Skipping id=27667 (modified=2025-12-10 09:49:29) — newer than 3 months
2026-01-04 12:46:44,807 - INFO - Skipping id=27667 (modified=2025-12-10 09:49:29) — newer than 3 months
2026-01-04 12:46:44,817 - INFO - Skipping id=27667 (modified=2025-12-10 09:49:29) — newer than 3 months
2026-01-04 12:46:44,825 - INFO - Skipping id=27667 (modified=2025-12-10 09:49:29) — newer than 3 months
2026-01-04 12:46:44,835 - INFO - Skipping id=27667 (modified=2025-12-10 09:49:29) — newer than 3 months
2026-01-04 12:46:44,844 - INFO - Skipping id=27667 (modified=2025-12-10 09:49:29) — newer than 3 months
2026-01-04 12:46:44,854 - INFO - Skipping id=27667 (modified=2025-12-10 09:49:29) — newer than 3 months
2026-01-04 12:46:44,862 - INFO - Skipping id=27667 (modified=2025-12-10 09:49:29) — newer than 3 months
2026-01-04 12:46:44,871 - INFO - Skipping id=27667 (modified=2025-12-10 09:49:29) — newer than 3 months
2026-01-04 12:46:44,880 - INFO - Skipping id=27667 (modified=2025-12-10 09:49:29) — newer than 3 months
2026-01-04 12:46:44,888 - INFO - Skipping id=27667 (modified=2025-12-10 09:49:29) — newer than 3 months
2026-01-04 12:46:44,897 - INFO - Skipping id=27667 (modified=2025-12-10 09:49:29) — newer than 3 months
2026-01-04 12:46:44,906 - INFO - Skipping id=27667 (modified=2025-12-10 09:49:29) — newer than 3 months
2026-01-04 12:46:44,915 - INFO - Skipping id=27667 (modified=2025-12-10 09:49:29) — newer than 3 months
2026-01-04 12:46:44,924 - INFO - Skipping id=27667 (modified=2025-12-10 09:49:29) — newer than 3 months
2026-01-04 12:46:44,932 - INFO - Skipping id=27667 (modified=2025-12-10 09:49:29) — newer than 3 months
2026-01-04 12:46:44,941 - INFO - Skipping id=27667 (modified=2025-12-10 09:49:29) — newer than 3 months
2026-01-04 12:46:44,952 - INFO - Skipping id=27667 (modified=2025-12-10 09:49:29) — newer than 3 months
2026-01-04 12:46:44,962 - INFO - Skipping id=27667 (modified=2025-12-10 09:49:29) — newer than 3 months
2026-01-04 12:46:44,972 - INFO - Skipping id=27667 (modified=2025-12-10 09:49:29) — newer than 3 months
2026-01-04 12:46:44,980 - INFO - Skipping id=27667 (modified=2025-12-10 09:49:29) — newer than 3 months
2026-01-04 12:46:44,989 - INFO - Skipping id=27667 (modified=2025-12-10 09:49:29) — newer than 3 months
2026-01-04 12:46:44,998 - INFO - Skipping id=27667 (modified=2025-12-10 09:49:29) — newer than 3 months
2026-01-04 12:46:45,007 - INFO - Skipping id=27667 (modified=2025-12-10 09:49:29) — newer than 3 months
2026-01-04 12:46:45,016 - INFO - Skipping id=27667 (modified=2025-12-10 09:49:29) — newer than 3 months
2026-01-04 12:46:45,024 - INFO - Skipping id=27667 (modified=2025-12-10 09:49:29) — newer than 3 months
2026-01-04 12:46:45,035 - INFO - Skipping id=27667 (modified=2025-12-10 09:49:29) — newer than 3 months
2026-01-04 12:46:45,043 - INFO - Skipping id=27667 (modified=2025-12-10 09:49:29) — newer than 3 months
2026-01-04 12:46:45,052 - INFO - Skipping id=27667 (modified=2025-12-10 09:49:29) — newer than 3 months
2026-01-04 12:46:45,064 - INFO - Skipping id=27667 (modified=2025-12-10 09:49:29) — newer than 3 months
2026-01-04 12:46:45,072 - INFO - Skipping id=27667 (modified=2025-12-10 09:49:29) — newer than 3 months
2026-01-04 12:46:45,081 - INFO - Skipping id=27667 (modified=2025-12-10 09:49:29) — newer than 3 months
2026-01-04 12:46:45,096 - INFO - Skipping id=27667 (modified=2025-12-10 09:49:29) — newer than 3 months
2026-01-04 12:46:45,106 - INFO - Skipping id=27667 (modified=2025-12-10 09:49:29) — newer than 3 months
2026-01-04 12:46:45,114 - INFO - Skipping id=27667 (modified=2025-12-10 09:49:29) — newer than 3 months
2026-01-04 12:46:45,122 - INFO - Skipping id=27667 (modified=2025-12-10 09:49:29) — newer than 3 months
2026-01-04 12:46:45,131 - INFO - Skipping id=27667 (modified=2025-12-10 09:49:29) — newer than 3 months
2026-01-04 12:46:45,140 - INFO - Skipping id=27667 (modified=2025-12-10 09:49:29) — newer than 3 months
2026-01-04 12:46:45,148 - INFO - Skipping id=27667 (modified=2025-12-10 09:49:29) — newer than 3 months
2026-01-04 12:46:45,159 - INFO - Skipping id=27667 (modified=2025-12-10 09:49:29) — newer than 3 months
2026-01-04 12:46:45,168 - INFO - Skipping id=27667 (modified=2025-12-10 09:49:29) — newer than 3 months
2026-01-04 12:46:45,176 - INFO - Skipping id=27667 (modified=2025-12-10 09:49:29) — newer than 3 months
2026-01-04 12:46:45,208 - INFO - Skipping id=27667 (modified=2025-12-10 09:49:29) — newer than 3 months
2026-01-04 12:46:45,217 - INFO - Skipping id=27667 (modified=2025-12-10 09:49:29) — newer than 3 months
2026-01-04 12:46:45,225 - INFO - Skipping id=27667 (modified=2025-12-10 09:49:29) — newer than 3 months
2026-01-04 12:46:45,236 - INFO - Skipping id=27667 (modified=2025-12-10 09:49:29) — newer than 3 months
2026-01-04 12:46:45,244 - INFO - Skipping id=27667 (modified=2025-12-10 09:49:29) — newer than 3 months
2026-01-04 12:46:45,253 - INFO - Skipping id=27667 (modified=2025-12-10 09:49:29) — newer than 3 months
2026-01-04 12:46:45,262 - INFO - Skipping id=27667 (modified=2025-12-10 09:49:29) — newer than 3 months
2026-01-04 12:46:45,270 - INFO - Skipping id=27667 (modified=2025-12-10 09:49:29) — newer than 3 months
2026-01-04 12:46:45,279 - INFO - Skipping id=27667 (modified=2025-12-10 09:49:29) — newer than 3 months
2026-01-04 12:46:45,287 - INFO - Skipping id=27667 (modified=2025-12-10 09:49:29) — newer than 3 months
2026-01-04 12:46:45,296 - INFO - Skipping id=27667 (modified=2025-12-10 09:49:29) — newer than 3 months
2026-01-04 12:46:45,305 - INFO - Skipping id=27667 (modified=2025-12-10 09:49:29) — newer than 3 months
2026-01-04 12:46:45,313 - INFO - Skipping id=27667 (modified=2025-12-10 09:49:29) — newer than 3 months
2026-01-04 12:46:45,322 - INFO - Skipping id=27667 (modified=2025-12-10 09:49:29) — newer than 3 months
2026-01-04 12:46:45,330 - INFO - Skipping id=27667 (modified=2025-12-10 09:49:29) — newer than 3 months
2026-01-04 12:46:45,339 - INFO - Skipping id=27667 (modified=2025-12-10 09:49:29) — newer than 3 months
2026-01-04 12:46:45,347 - INFO - Skipping id=27667 (modified=2025-12-10 09:49:29) — newer than 3 months
2026-01-04 12:46:45,355 - INFO - Skipping id=27667 (modified=2025-12-10 09:49:29) — newer than 3 months
2026-01-04 12:46:45,364 - INFO - Skipping id=27667 (modified=2025-12-10 09:49:29) — newer than 3 months
2026-01-04 12:46:45,375 - INFO - Skipping id=27667 (modified=2025-12-10 09:49:29) — newer than 3 months
2026-01-04 12:46:45,384 - INFO - Skipping id=27667 (modified=2025-12-10 09:49:29) — newer than 3 months
2026-01-04 12:46:45,407 - INFO - Skipping id=27667 (modified=2025-12-10 09:49:29) — newer than 3 months
2026-01-04 12:46:45,416 - INFO - Skipping id=27667 (modified=2025-12-10 09:49:29) — newer than 3 months
2026-01-04 12:46:45,428 - INFO - Skipping id=27667 (modified=2025-12-10 09:49:29) — newer than 3 months
2026-01-04 12:46:45,436 - INFO - Skipping id=27667 (modified=2025-12-10 09:49:29) — newer than 3 months
2026-01-04 12:46:45,445 - INFO - Skipping id=27667 (modified=2025-12-10 09:49:29) — newer than 3 months
2026-01-04 12:46:45,453 - INFO - Skipping id=27667 (modified=2025-12-10 09:49:29) — newer than 3 months
2026-01-04 12:46:45,461 - INFO - Skipping id=27667 (modified=2025-12-10 09:49:29) — newer than 3 months
2026-01-04 12:46:45,469 - INFO - Skipping id=27667 (modified=2025-12-10 09:49:29) — newer than 3 months
2026-01-04 12:46:45,480 - INFO - Skipping id=27667 (modified=2025-12-10 09:49:29) — newer than 3 months
2026-01-04 12:46:45,489 - INFO - Skipping id=27667 (modified=2025-12-10 09:49:29) — newer than 3 months
2026-01-04 12:46:45,499 - INFO - Skipping id=27667 (modified=2025-12-10 09:49:29) — newer than 3 months
2026-01-04 12:46:45,535 - INFO - Skipping id=27667 (modified=2025-12-10 09:49:29) — newer than 3 months
2026-01-04 12:46:45,544 - INFO - Skipping id=27667 (modified=2025-12-10 09:49:29) — newer than 3 months
2026-01-04 12:46:45,559 - INFO - Skipping id=27667 (modified=2025-12-10 09:49:29) — newer than 3 months
2026-01-04 12:46:45,569 - INFO - Skipping id=27667 (modified=2025-12-10 09:49:29) — newer than 3 months
2026-01-04 12:46:45,577 - INFO - Skipping id=27667 (modified=2025-12-10 09:49:29) — newer than 3 months
2026-01-04 12:46:45,587 - INFO - Skipping id=27667 (modified=2025-12-10 09:49:29) — newer than 3 months
2026-01-04 12:46:45,596 - INFO - Skipping id=27667 (modified=2025-12-10 09:49:29) — newer than 3 months
2026-01-04 12:46:45,607 - INFO - Skipping id=27667 (modified=2025-12-10 09:49:29) — newer than 3 months
2026-01-04 12:46:45,617 - INFO - Skipping id=27667 (modified=2025-12-10 09:49:29) — newer than 3 months
2026-01-04 12:46:45,626 - INFO - Skipping id=27667 (modified=2025-12-10 09:49:29) — newer than 3 months
2026-01-04 12:46:45,634 - INFO - Skipping id=27667 (modified=2025-12-10 09:49:29) — newer than 3 months
2026-01-04 12:46:45,645 - INFO - Skipping id=27667 (modified=2025-12-10 09:49:29) — newer than 3 months
2026-01-04 12:46:45,654 - INFO - Skipping id=27667 (modified=2025-12-10 09:49:29) — newer than 3 months
2026-01-04 12:46:45,662 - INFO - Skipping id=27667 (modified=2025-12-10 09:49:29) — newer than 3 months
2026-01-04 12:46:45,670 - INFO - Skipping id=27667 (modified=2025-12-10 09:49:29) — newer than 3 months
2026-01-04 12:46:45,680 - INFO - Skipping id=27667 (modified=2025-12-10 09:49:29) — newer than 3 months
2026-01-04 12:46:45,687 - INFO - Skipping id=27667 (modified=2025-12-10 09:49:29) — newer than 3 months
2026-01-04 12:46:45,695 - INFO - Skipping id=27667 (modified=2025-12-10 09:49:29) — newer than 3 months
2026-01-04 12:46:45,705 - INFO - Skipping id=27667 (modified=2025-12-10 09:49:29) — newer than 3 months
2026-01-04 12:46:45,715 - INFO - Skipping id=27667 (modified=2025-12-10 09:49:29) — newer than 3 months
2026-01-04 12:46:45,725 - INFO - Skipping id=27667 (modified=2025-12-10 09:49:29) — newer than 3 months
2026-01-04 12:46:45,736 - INFO - Skipping id=27667 (modified=2025-12-10 09:49:29) — newer than 3 months
2026-01-04 12:46:45,744 - INFO - Skipping id=27667 (modified=2025-12-10 09:49:29) — newer than 3 months
2026-01-04 12:46:45,752 - INFO - Skipping id=27667 (modified=2025-12-10 09:49:29) — newer than 3 months
2026-01-04 12:46:45,761 - INFO - Skipping id=27667 (modified=2025-12-10 09:49:29) — newer than 3 months
2026-01-04 12:46:45,770 - INFO - Skipping id=27667 (modified=2025-12-10 09:49:29) — newer than 3 months
2026-01-04 12:46:45,780 - INFO - Skipping id=27667 (modified=2025-12-10 09:49:29) — newer than 3 months
2026-01-04 12:46:45,789 - INFO - Skipping id=27667 (modified=2025-12-10 09:49:29) — newer than 3 months
2026-01-04 12:46:45,799 - INFO - Skipping id=27667 (modified=2025-12-10 09:49:29) — newer than 3 months
2026-01-04 12:46:45,808 - INFO - Skipping id=27667 (modified=2025-12-10 09:49:29) — newer than 3 months
2026-01-04 12:46:45,818 - INFO - Skipping id=27667 (modified=2025-12-10 09:49:29) — newer than 3 months
2026-01-04 12:46:45,829 - INFO - Skipping id=27667 (modified=2025-12-10 09:49:29) — newer than 3 months
2026-01-04 12:46:45,837 - INFO - Skipping id=27667 (modified=2025-12-10 09:49:29) — newer than 3 months
2026-01-04 12:46:45,845 - INFO - Skipping id=27667 (modified=2025-12-10 09:49:29) — newer than 3 months
2026-01-04 12:46:45,854 - INFO - Skipping id=27667 (modified=2025-12-10 09:49:29) — newer than 3 months
2026-01-04 12:46:45,864 - INFO - Skipping id=27667 (modified=2025-12-10 09:49:29) — newer than 3 months
2026-01-04 12:46:45,873 - INFO - Skipping id=27667 (modified=2025-12-10 09:49:29) — newer than 3 months
2026-01-04 12:46:45,883 - INFO - Skipping id=27667 (modified=2025-12-10 09:49:29) — newer than 3 months
2026-01-04 12:46:45,892 - INFO - Skipping id=27667 (modified=2025-12-10 09:49:29) — newer than 3 months
2026-01-04 12:46:45,903 - INFO - Skipping id=27667 (modified=2025-12-10 09:49:29) — newer than 3 months
2026-01-04 12:46:45,912 - INFO - Skipping id=27667 (modified=2025-12-10 09:49:29) — newer than 3 months
2026-01-04 12:46:45,921 - INFO - Skipping id=27667 (modified=2025-12-10 09:49:29) — newer than 3 months
2026-01-04 12:46:45,931 - INFO - Skipping id=27667 (modified=2025-12-10 09:49:29) — newer than 3 months
2026-01-04 12:46:45,942 - INFO - Skipping id=27667 (modified=2025-12-10 09:49:29) — newer than 3 months
2026-01-04 12:46:45,950 - INFO - Skipping id=27667 (modified=2025-12-10 09:49:29) — newer than 3 months
2026-01-04 12:46:45,959 - INFO - Skipping id=27667 (modified=2025-12-10 09:49:29) — newer than 3 months
2026-01-04 12:46:45,969 - INFO - Skipping id=27667 (modified=2025-12-10 09:49:29) — newer than 3 months
2026-01-04 12:46:45,978 - INFO - Skipping id=27667 (modified=2025-12-10 09:49:29) — newer than 3 months
2026-01-04 12:46:45,986 - INFO - Skipping id=27667 (modified=2025-12-10 09:49:29) — newer than 3 months
2026-01-04 12:46:45,994 - INFO - Skipping id=27667 (modified=2025-12-10 09:49:29) — newer than 3 months
2026-01-04 12:46:46,004 - INFO - Skipping id=27667 (modified=2025-12-10 09:49:29) — newer than 3 months
2026-01-04 12:46:46,034 - INFO - Skipping id=27667 (modified=2025-12-10 09:49:29) — newer than 3 months
2026-01-04 12:46:46,042 - INFO - Skipping id=27667 (modified=2025-12-10 09:49:29) — newer than 3 months
2026-01-04 12:46:46,051 - INFO - Skipping id=27667 (modified=2025-12-10 09:49:29) — newer than 3 months
2026-01-04 12:46:46,060 - INFO - Skipping id=27667 (modified=2025-12-10 09:49:29) — newer than 3 months
2026-01-04 12:46:46,068 - INFO - Skipping id=27667 (modified=2025-12-10 09:49:29) — newer than 3 months
2026-01-04 12:46:46,077 - INFO - Skipping id=27667 (modified=2025-12-10 09:49:29) — newer than 3 months
2026-01-04 12:46:46,087 - INFO - Skipping id=27667 (modified=2025-12-10 09:49:29) — newer than 3 months
2026-01-04 12:46:46,096 - INFO - Skipping id=27667 (modified=2025-12-10 09:49:29) — newer than 3 months
2026-01-04 12:46:46,105 - INFO - Skipping id=27667 (modified=2025-12-10 09:49:29) — newer than 3 months
2026-01-04 12:46:46,115 - INFO - Skipping id=27667 (modified=2025-12-10 09:49:29) — newer than 3 months
2026-01-04 12:46:46,131 - INFO - Skipping id=27667 (modified=2025-12-10 09:49:29) — newer than 3 months
2026-01-04 12:46:46,140 - INFO - Skipping id=27667 (modified=2025-12-10 09:49:29) — newer than 3 months
2026-01-04 12:46:46,149 - INFO - Skipping id=27667 (modified=2025-12-10 09:49:29) — newer than 3 months
2026-01-04 12:46:46,158 - INFO - Skipping id=27667 (modified=2025-12-10 09:49:29) — newer than 3 months
2026-01-04 12:46:46,168 - INFO - Skipping id=27667 (modified=2025-12-10 09:49:29) — newer than 3 months
2026-01-04 12:46:46,177 - INFO - Skipping id=27667 (modified=2025-12-10 09:49:29) — newer than 3 months
2026-01-04 12:46:46,185 - INFO - Skipping id=27667 (modified=2025-12-10 09:49:29) — newer than 3 months
2026-01-04 12:46:46,193 - INFO - Skipping id=27667 (modified=2025-12-10 09:49:29) — newer than 3 months
2026-01-04 12:46:46,201 - INFO - Skipping id=27667 (modified=2025-12-10 09:49:29) — newer than 3 months
2026-01-04 12:46:46,211 - INFO - Skipping id=27667 (modified=2025-12-10 09:49:29) — newer than 3 months
2026-01-04 12:46:46,222 - INFO - Skipping id=27667 (modified=2025-12-10 09:49:29) — newer than 3 months
2026-01-04 12:46:46,230 - INFO - Skipping id=27667 (modified=2025-12-10 09:49:29) — newer than 3 months
2026-01-04 12:46:46,238 - INFO - Skipping id=27667 (modified=2025-12-10 09:49:29) — newer than 3 months
2026-01-04 12:46:46,248 - INFO - Skipping id=27667 (modified=2025-12-10 09:49:29) — newer than 3 months
2026-01-04 12:46:46,256 - INFO - Skipping id=27667 (modified=2025-12-10 09:49:29) — newer than 3 months
2026-01-04 12:46:46,265 - INFO - Skipping id=27667 (modified=2025-12-10 09:49:29) — newer than 3 months
2026-01-04 12:46:46,275 - INFO - Skipping id=27667 (modified=2025-12-10 09:49:29) — newer than 3 months
2026-01-04 12:46:46,284 - INFO - Skipping id=27667 (modified=2025-12-10 09:49:29) — newer than 3 months
2026-01-04 12:46:46,292 - INFO - Skipping id=27667 (modified=2025-12-10 09:49:29) — newer than 3 months
2026-01-04 12:46:46,301 - INFO - Skipping id=27667 (modified=2025-12-10 09:49:29) — newer than 3 months
2026-01-04 12:46:46,318 - INFO - Skipping id=27667 (modified=2025-12-10 09:49:29) — newer than 3 months
2026-01-04 12:46:46,327 - INFO - Skipping id=27667 (modified=2025-12-10 09:49:29) — newer than 3 months
2026-01-04 12:46:46,337 - INFO - Skipping id=27667 (modified=2025-12-10 09:49:29) — newer than 3 months
2026-01-04 12:46:46,345 - INFO - Skipping id=27667 (modified=2025-12-10 09:49:29) — newer than 3 months
2026-01-04 12:46:46,354 - INFO - Skipping id=27667 (modified=2025-12-10 09:49:29) — newer than 3 months
2026-01-04 12:46:46,363 - INFO - Skipping id=27667 (modified=2025-12-10 09:49:29) — newer than 3 months
2026-01-04 12:46:46,371 - INFO - Skipping id=27667 (modified=2025-12-10 09:49:29) — newer than 3 months
2026-01-04 12:46:46,380 - INFO - Skipping id=27667 (modified=2025-12-10 09:49:29) — newer than 3 months
2026-01-04 12:46:46,389 - INFO - Skipping id=27667 (modified=2025-12-10 09:49:29) — newer than 3 months
2026-01-04 12:46:46,409 - INFO - Skipping id=27667 (modified=2025-12-10 09:49:29) — newer than 3 months
2026-01-04 12:46:46,418 - INFO - Skipping id=27667 (modified=2025-12-10 09:49:29) — newer than 3 months
2026-01-04 12:46:46,428 - INFO - Skipping id=27667 (modified=2025-12-10 09:49:29) — newer than 3 months
2026-01-04 12:46:46,481 - INFO - Skipping id=27667 (modified=2025-12-10 09:49:29) — newer than 3 months
2026-01-04 12:46:46,490 - INFO - Skipping id=27667 (modified=2025-12-10 09:49:29) — newer than 3 months
2026-01-04 12:46:46,498 - INFO - Skipping id=27667 (modified=2025-12-10 09:49:29) — newer than 3 months
2026-01-04 12:46:46,508 - INFO - Skipping id=27667 (modified=2025-12-10 09:49:29) — newer than 3 months
2026-01-04 12:46:46,518 - INFO - Skipping id=27667 (modified=2025-12-10 09:49:29) — newer than 3 months
2026-01-04 12:46:46,530 - INFO - Skipping id=27667 (modified=2025-12-10 09:49:29) — newer than 3 months
2026-01-04 12:46:46,539 - INFO - Skipping id=27667 (modified=2025-12-10 09:49:29) — newer than 3 months
2026-01-04 12:46:46,548 - INFO - Skipping id=27667 (modified=2025-12-10 09:49:29) — newer than 3 months
2026-01-04 12:46:46,557 - INFO - Skipping id=27667 (modified=2025-12-10 09:49:29) — newer than 3 months
2026-01-04 12:46:46,566 - INFO - Skipping id=27667 (modified=2025-12-10 09:49:29) — newer than 3 months
2026-01-04 12:46:46,574 - INFO - Skipping id=27667 (modified=2025-12-10 09:49:29) — newer than 3 months
2026-01-04 12:46:46,583 - INFO - Skipping id=27667 (modified=2025-12-10 09:49:29) — newer than 3 months
2026-01-04 12:46:46,593 - INFO - Skipping id=27667 (modified=2025-12-10 09:49:29) — newer than 3 months
2026-01-04 12:46:46,602 - INFO - Skipping id=27667 (modified=2025-12-10 09:49:29) — newer than 3 months
2026-01-04 12:46:46,660 - INFO - Skipping id=27667 (modified=2025-12-10 09:49:29) — newer than 3 months
2026-01-04 12:46:46,668 - INFO - Skipping id=27667 (modified=2025-12-10 09:49:29) — newer than 3 months
2026-01-04 12:46:46,678 - INFO - Skipping id=27667 (modified=2025-12-10 09:49:29) — newer than 3 months
2026-01-04 12:46:46,688 - INFO - Skipping id=27667 (modified=2025-12-10 09:49:29) — newer than 3 months
2026-01-04 12:46:46,697 - INFO - Skipping id=27667 (modified=2025-12-10 09:49:29) — newer than 3 months
2026-01-04 12:46:46,705 - INFO - Skipping id=27667 (modified=2025-12-10 09:49:29) — newer than 3 months
2026-01-04 12:46:46,714 - INFO - Skipping id=27667 (modified=2025-12-10 09:49:29) — newer than 3 months
2026-01-04 12:46:46,722 - INFO - Skipping id=27667 (modified=2025-12-10 09:49:29) — newer than 3 months
2026-01-04 12:46:46,731 - INFO - Skipping id=27667 (modified=2025-12-10 09:49:29) — newer than 3 months
2026-01-04 12:46:46,741 - INFO - Skipping id=27667 (modified=2025-12-10 09:49:29) — newer than 3 months
2026-01-04 12:46:46,750 - INFO - Skipping id=27667 (modified=2025-12-10 09:49:29) — newer than 3 months
2026-01-04 12:46:46,758 - INFO - Skipping id=27667 (modified=2025-12-10 09:49:29) — newer than 3 months
2026-01-04 12:46:46,768 - INFO - Skipping id=27667 (modified=2025-12-10 09:49:29) — newer than 3 months
2026-01-04 12:46:46,778 - INFO - Skipping id=27667 (modified=2025-12-10 09:49:29) — newer than 3 months
2026-01-04 12:46:46,787 - INFO - Skipping id=27667 (modified=2025-12-10 09:49:29) — newer than 3 months
2026-01-04 12:46:46,796 - INFO - Skipping id=27667 (modified=2025-12-10 09:49:29) — newer than 3 months
2026-01-04 12:46:46,804 - INFO - Skipping id=27667 (modified=2025-12-10 09:49:29) — newer than 3 months
2026-01-04 12:46:46,813 - INFO - Skipping id=27667 (modified=2025-12-10 09:49:29) — newer than 3 months
2026-01-04 12:46:46,821 - INFO - Skipping id=27667 (modified=2025-12-10 09:49:29) — newer than 3 months
2026-01-04 12:46:46,829 - INFO - Skipping id=27667 (modified=2025-12-10 09:49:29) — newer than 3 months
2026-01-04 12:46:46,838 - INFO - Skipping id=27667 (modified=2025-12-10 09:49:29) — newer than 3 months
2026-01-04 12:46:46,848 - INFO - Skipping id=27667 (modified=2025-12-10 09:49:29) — newer than 3 months
2026-01-04 12:46:46,857 - INFO - Skipping id=27667 (modified=2025-12-10 09:49:29) — newer than 3 months
2026-01-04 12:46:46,866 - INFO - Skipping id=27667 (modified=2025-12-10 09:49:29) — newer than 3 months
2026-01-04 12:46:46,875 - INFO - Skipping id=27667 (modified=2025-12-10 09:49:29) — newer than 3 months
2026-01-04 12:46:46,883 - INFO - Skipping id=27667 (modified=2025-12-10 09:49:29) — newer than 3 months
2026-01-04 12:46:46,892 - INFO - Skipping id=27667 (modified=2025-12-10 09:49:29) — newer than 3 months
2026-01-04 12:46:46,902 - INFO - Skipping id=27667 (modified=2025-12-10 09:49:29) — newer than 3 months
2026-01-04 12:46:46,910 - INFO - Skipping id=27667 (modified=2025-12-10 09:49:29) — newer than 3 months
2026-01-04 12:46:46,919 - INFO - Skipping id=27667 (modified=2025-12-10 09:49:29) — newer than 3 months
2026-01-04 12:46:46,928 - INFO - Skipping id=27667 (modified=2025-12-10 09:49:29) — newer than 3 months
2026-01-04 12:46:46,937 - INFO - Skipping id=27667 (modified=2025-12-10 09:49:29) — newer than 3 months
2026-01-04 12:46:46,947 - INFO - Skipping id=27667 (modified=2025-12-10 09:49:29) — newer than 3 months
2026-01-04 12:46:46,956 - INFO - Skipping id=27667 (modified=2025-12-10 09:49:29) — newer than 3 months
2026-01-04 12:46:46,964 - INFO - Skipping id=27667 (modified=2025-12-10 09:49:29) — newer than 3 months
2026-01-04 12:46:46,973 - INFO - Skipping id=27667 (modified=2025-12-10 09:49:29) — newer than 3 months
2026-01-04 12:46:46,981 - INFO - Skipping id=27667 (modified=2025-12-10 09:49:29) — newer than 3 months
2026-01-04 12:46:46,988 - INFO - Skipping id=27667 (modified=2025-12-10 09:49:29) — newer than 3 months
2026-01-04 12:46:46,996 - INFO - Skipping id=27667 (modified=2025-12-10 09:49:29) — newer than 3 months
2026-01-04 12:46:47,006 - INFO - Skipping id=27667 (modified=2025-12-10 09:49:29) — newer than 3 months
2026-01-04 12:46:47,016 - INFO - Skipping id=27667 (modified=2025-12-10 09:49:29) — newer than 3 months
2026-01-04 12:46:47,025 - INFO - Skipping id=27667 (modified=2025-12-10 09:49:29) — newer than 3 months
2026-01-04 12:46:47,035 - INFO - Skipping id=27667 (modified=2025-12-10 09:49:29) — newer than 3 months
2026-01-04 12:46:47,044 - INFO - Skipping id=27667 (modified=2025-12-10 09:49:29) — newer than 3 months
2026-01-04 12:46:47,053 - INFO - Skipping id=27667 (modified=2025-12-10 09:49:29) — newer than 3 months
2026-01-04 12:46:47,062 - INFO - Skipping id=27667 (modified=2025-12-10 09:49:29) — newer than 3 months
2026-01-04 12:46:47,070 - INFO - Skipping id=27667 (modified=2025-12-10 09:49:29) — newer than 3 months
2026-01-04 12:46:47,080 - INFO - Skipping id=27667 (modified=2025-12-10 09:49:29) — newer than 3 months
2026-01-04 12:46:47,088 - INFO - Skipping id=27667 (modified=2025-12-10 09:49:29) — newer than 3 months
2026-01-04 12:46:47,097 - INFO - Skipping id=27667 (modified=2025-12-10 09:49:29) — newer than 3 months
2026-01-04 12:46:47,109 - INFO - Skipping id=27667 (modified=2025-12-10 09:49:29) — newer than 3 months
2026-01-04 12:46:47,117 - INFO - Skipping id=27667 (modified=2025-12-10 09:49:29) — newer than 3 months
2026-01-04 12:46:47,126 - INFO - Skipping id=27667 (modified=2025-12-10 09:49:29) — newer than 3 months
2026-01-04 12:46:47,135 - INFO - Skipping id=27667 (modified=2025-12-10 09:49:29) — newer than 3 months
2026-01-04 12:46:47,146 - INFO - Skipping id=27667 (modified=2025-12-10 09:49:29) — newer than 3 months
2026-01-04 12:46:47,155 - INFO - Skipping id=27667 (modified=2025-12-10 09:49:29) — newer than 3 months
2026-01-04 12:46:47,165 - INFO - Skipping id=27667 (modified=2025-12-10 09:49:29) — newer than 3 months
2026-01-04 12:46:47,174 - INFO - Skipping id=27667 (modified=2025-12-10 09:49:29) — newer than 3 months
2026-01-04 12:46:47,184 - INFO - Skipping id=27667 (modified=2025-12-10 09:49:29) — newer than 3 months
2026-01-04 12:46:47,193 - INFO - Skipping id=27667 (modified=2025-12-10 09:49:29) — newer than 3 months
2026-01-04 12:46:47,201 - INFO - Skipping id=27667 (modified=2025-12-10 09:49:29) — newer than 3 months
2026-01-04 12:46:47,209 - INFO - Skipping id=27667 (modified=2025-12-10 09:49:29) — newer than 3 months
2026-01-04 12:46:47,250 - INFO - Skipping id=27667 (modified=2025-12-10 09:49:29) — newer than 3 months
2026-01-04 12:46:47,259 - INFO - Skipping id=27667 (modified=2025-12-10 09:49:29) — newer than 3 months
2026-01-04 12:46:47,270 - INFO - Skipping id=27667 (modified=2025-12-10 09:49:29) — newer than 3 months
2026-01-04 12:46:47,279 - INFO - Skipping id=27667 (modified=2025-12-10 09:49:29) — newer than 3 months
2026-01-04 12:46:47,287 - INFO - Skipping id=27667 (modified=2025-12-10 09:49:29) — newer than 3 months
2026-01-04 12:46:47,296 - INFO - Skipping id=27667 (modified=2025-12-10 09:49:29) — newer than 3 months
2026-01-04 12:46:47,305 - INFO - Skipping id=27667 (modified=2025-12-10 09:49:29) — newer than 3 months
2026-01-04 12:46:47,312 - INFO - Skipping id=27667 (modified=2025-12-10 09:49:29) — newer than 3 months
2026-01-04 12:46:47,323 - INFO - Skipping id=27667 (modified=2025-12-10 09:49:29) — newer than 3 months
2026-01-04 12:46:47,332 - INFO - Skipping id=27667 (modified=2025-12-10 09:49:29) — newer than 3 months
2026-01-04 12:46:47,340 - INFO - Skipping id=27667 (modified=2025-12-10 09:49:29) — newer than 3 months
2026-01-04 12:46:47,350 - INFO - Skipping id=27667 (modified=2025-12-10 09:49:29) — newer than 3 months
2026-01-04 12:46:47,359 - INFO - Skipping id=27667 (modified=2025-12-10 09:49:29) — newer than 3 months
2026-01-04 12:46:47,368 - INFO - Skipping id=27667 (modified=2025-12-10 09:49:29) — newer than 3 months
2026-01-04 12:46:47,376 - INFO - Skipping id=27667 (modified=2025-12-10 09:49:29) — newer than 3 months
2026-01-04 12:46:47,384 - INFO - Skipping id=27667 (modified=2025-12-10 09:49:29) — newer than 3 months
2026-01-04 12:46:47,392 - INFO - Skipping id=27667 (modified=2025-12-10 09:49:29) — newer than 3 months
2026-01-04 12:46:47,402 - INFO - Skipping id=27667 (modified=2025-12-10 09:49:29) — newer than 3 months
2026-01-04 12:46:47,411 - INFO - Skipping id=27667 (modified=2025-12-10 09:49:29) — newer than 3 months
2026-01-04 12:46:47,419 - INFO - Skipping id=27667 (modified=2025-12-10 09:49:29) — newer than 3 months
2026-01-04 12:46:47,429 - INFO - Skipping id=27667 (modified=2025-12-10 09:49:29) — newer than 3 months
2026-01-04 12:46:47,437 - INFO - Skipping id=27667 (modified=2025-12-10 09:49:29) — newer than 3 months
2026-01-04 12:46:47,448 - INFO - Skipping id=27667 (modified=2025-12-10 09:49:29) — newer than 3 months
2026-01-04 12:46:47,455 - INFO - Skipping id=27667 (modified=2025-12-10 09:49:29) — newer than 3 months
2026-01-04 12:46:47,464 - INFO - Skipping id=27667 (modified=2025-12-10 09:49:29) — newer than 3 months
2026-01-04 12:46:47,473 - INFO - Skipping id=27667 (modified=2025-12-10 09:49:29) — newer than 3 months
2026-01-04 12:46:47,484 - INFO - Skipping id=27667 (modified=2025-12-10 09:49:29) — newer than 3 months
2026-01-04 12:46:47,521 - INFO - Skipping id=27667 (modified=2025-12-10 09:49:29) — newer than 3 months
2026-01-04 12:46:47,530 - INFO - Skipping id=27667 (modified=2025-12-10 09:49:29) — newer than 3 months
2026-01-04 12:46:47,544 - INFO - Skipping id=27667 (modified=2025-12-10 09:49:29) — newer than 3 months
2026-01-04 12:46:47,553 - INFO - Skipping id=27667 (modified=2025-12-10 09:49:29) — newer than 3 months
2026-01-04 12:46:47,561 - INFO - Skipping id=27667 (modified=2025-12-10 09:49:29) — newer than 3 months
2026-01-04 12:46:47,569 - INFO - Skipping id=27667 (modified=2025-12-10 09:49:29) — newer than 3 months
2026-01-04 12:46:47,577 - INFO - Skipping id=27667 (modified=2025-12-10 09:49:29) — newer than 3 months
2026-01-04 12:46:47,587 - INFO - Skipping id=27667 (modified=2025-12-10 09:49:29) — newer than 3 months
2026-01-04 12:46:47,595 - INFO - Skipping id=27667 (modified=2025-12-10 09:49:29) — newer than 3 months
2026-01-04 12:46:47,604 - INFO - Skipping id=27667 (modified=2025-12-10 09:49:29) — newer than 3 months
2026-01-04 12:46:47,612 - INFO - Skipping id=27667 (modified=2025-12-10 09:49:29) — newer than 3 months
2026-01-04 12:46:47,620 - INFO - Skipping id=27667 (modified=2025-12-10 09:49:29) — newer than 3 months
2026-01-04 12:46:47,629 - INFO - Skipping id=27667 (modified=2025-12-10 09:49:29) — newer than 3 months
2026-01-04 12:46:47,637 - INFO - Skipping id=27667 (modified=2025-12-10 09:49:29) — newer than 3 months
2026-01-04 12:46:47,645 - INFO - Skipping id=27667 (modified=2025-12-10 09:49:29) — newer than 3 months
2026-01-04 12:46:47,653 - INFO - Skipping id=27667 (modified=2025-12-10 09:49:29) — newer than 3 months
2026-01-04 12:46:47,662 - INFO - Skipping id=27667 (modified=2025-12-10 09:49:29) — newer than 3 months
2026-01-04 12:46:47,670 - INFO - Skipping id=27667 (modified=2025-12-10 09:49:29) — newer than 3 months
2026-01-04 12:46:47,715 - INFO - Skipping id=27667 (modified=2025-12-10 09:49:29) — newer than 3 months
2026-01-04 12:46:47,724 - INFO - Skipping id=27667 (modified=2025-12-10 09:49:29) — newer than 3 months
2026-01-04 12:46:47,733 - INFO - Skipping id=27667 (modified=2025-12-10 09:49:29) — newer than 3 months
2026-01-04 12:46:47,741 - INFO - Skipping id=27667 (modified=2025-12-10 09:49:29) — newer than 3 months
2026-01-04 12:46:47,750 - INFO - Skipping id=27667 (modified=2025-12-10 09:49:29) — newer than 3 months
2026-01-04 12:46:47,759 - INFO - Skipping id=27667 (modified=2025-12-10 09:49:29) — newer than 3 months
2026-01-04 12:46:47,775 - INFO - Skipping id=27667 (modified=2025-12-10 09:49:29) — newer than 3 months
2026-01-04 12:46:47,784 - INFO - Skipping id=27667 (modified=2025-12-10 09:49:29) — newer than 3 months
2026-01-04 12:46:47,793 - INFO - Skipping id=27667 (modified=2025-12-10 09:49:29) — newer than 3 months
2026-01-04 12:46:47,802 - INFO - Skipping id=27667 (modified=2025-12-10 09:49:29) — newer than 3 months
2026-01-04 12:46:47,811 - INFO - Skipping id=27667 (modified=2025-12-10 09:49:29) — newer than 3 months
2026-01-04 12:46:47,822 - INFO - Skipping id=27667 (modified=2025-12-10 09:49:29) — newer than 3 months
2026-01-04 12:46:47,831 - INFO - Skipping id=27667 (modified=2025-12-10 09:49:29) — newer than 3 months
2026-01-04 12:46:47,840 - INFO - Skipping id=27667 (modified=2025-12-10 09:49:29) — newer than 3 months
2026-01-04 12:46:47,850 - INFO - Skipping id=27667 (modified=2025-12-10 09:49:29) — newer than 3 months
2026-01-04 12:46:47,863 - INFO - Skipping id=27667 (modified=2025-12-10 09:49:29) — newer than 3 months
2026-01-04 12:46:47,871 - INFO - Skipping id=27667 (modified=2025-12-10 09:49:29) — newer than 3 months
2026-01-04 12:46:47,881 - INFO - Skipping id=27667 (modified=2025-12-10 09:49:29) — newer than 3 months
2026-01-04 12:46:47,891 - INFO - Skipping id=27667 (modified=2025-12-10 09:49:29) — newer than 3 months
2026-01-04 12:46:47,900 - INFO - Skipping id=27667 (modified=2025-12-10 09:49:29) — newer than 3 months
2026-01-04 12:46:47,913 - INFO - Skipping id=27667 (modified=2025-12-10 09:49:29) — newer than 3 months
2026-01-04 12:46:47,922 - INFO - Skipping id=27667 (modified=2025-12-10 09:49:29) — newer than 3 months
2026-01-04 12:46:47,932 - INFO - Skipping id=27667 (modified=2025-12-10 09:49:29) — newer than 3 months
2026-01-04 12:46:47,942 - INFO - Skipping id=27667 (modified=2025-12-10 09:49:29) — newer than 3 months
2026-01-04 12:46:47,951 - INFO - Skipping id=27667 (modified=2025-12-10 09:49:29) — newer than 3 months
2026-01-04 12:46:47,965 - INFO - Skipping id=27667 (modified=2025-12-10 09:49:29) — newer than 3 months
2026-01-04 12:46:47,975 - INFO - Skipping id=27667 (modified=2025-12-10 09:49:29) — newer than 3 months
2026-01-04 12:46:47,986 - INFO - Skipping id=27667 (modified=2025-12-10 09:49:29) — newer than 3 months
2026-01-04 12:46:47,995 - INFO - Skipping id=27667 (modified=2025-12-10 09:49:29) — newer than 3 months
2026-01-04 12:46:48,004 - INFO - Skipping id=27667 (modified=2025-12-10 09:49:29) — newer than 3 months
2026-01-04 12:46:48,014 - INFO - Skipping id=27667 (modified=2025-12-10 09:49:29) — newer than 3 months
2026-01-04 12:46:48,022 - INFO - Skipping id=27667 (modified=2025-12-10 09:49:29) — newer than 3 months
2026-01-04 12:46:48,031 - INFO - Skipping id=27667 (modified=2025-12-10 09:49:29) — newer than 3 months
2026-01-04 12:46:48,039 - INFO - Skipping id=27667 (modified=2025-12-10 09:49:29) — newer than 3 months
2026-01-04 12:46:48,072 - INFO - Skipping id=27667 (modified=2025-12-10 09:49:29) — newer than 3 months
2026-01-04 12:46:48,080 - INFO - Skipping id=27667 (modified=2025-12-10 09:49:29) — newer than 3 months
2026-01-04 12:46:48,090 - INFO - Skipping id=27667 (modified=2025-12-10 09:49:29) — newer than 3 months
2026-01-04 12:46:48,097 - INFO - Skipping id=27667 (modified=2025-12-10 09:49:29) — newer than 3 months
2026-01-04 12:46:48,106 - INFO - Skipping id=27667 (modified=2025-12-10 09:49:29) — newer than 3 months
2026-01-04 12:46:48,116 - INFO - Skipping id=27667 (modified=2025-12-10 09:49:29) — newer than 3 months
2026-01-04 12:46:48,126 - INFO - Skipping id=27667 (modified=2025-12-10 09:49:29) — newer than 3 months
2026-01-04 12:46:48,135 - INFO - Skipping id=27667 (modified=2025-12-10 09:49:29) — newer than 3 months
2026-01-04 12:46:48,144 - INFO - Skipping id=27667 (modified=2025-12-10 09:49:29) — newer than 3 months
2026-01-04 12:46:48,151 - INFO - Skipping id=27667 (modified=2025-12-10 09:49:29) — newer than 3 months
2026-01-04 12:46:48,160 - INFO - Skipping id=27667 (modified=2025-12-10 09:49:29) — newer than 3 months
2026-01-04 12:46:48,171 - INFO - Skipping id=27667 (modified=2025-12-10 09:49:29) — newer than 3 months
2026-01-04 12:46:48,180 - INFO - Skipping id=27667 (modified=2025-12-10 09:49:29) — newer than 3 months
2026-01-04 12:46:48,190 - INFO - Skipping id=27667 (modified=2025-12-10 09:49:29) — newer than 3 months
2026-01-04 12:46:48,198 - INFO - Skipping id=27667 (modified=2025-12-10 09:49:29) — newer than 3 months
2026-01-04 12:46:48,206 - INFO - Skipping id=27667 (modified=2025-12-10 09:49:29) — newer than 3 months
2026-01-04 12:46:48,215 - INFO - Skipping id=27667 (modified=2025-12-10 09:49:29) — newer than 3 months
2026-01-04 12:46:48,224 - INFO - Skipping id=27667 (modified=2025-12-10 09:49:29) — newer than 3 months
2026-01-04 12:46:48,233 - INFO - Skipping id=27667 (modified=2025-12-10 09:49:29) — newer than 3 months
2026-01-04 12:46:48,242 - INFO - Skipping id=27667 (modified=2025-12-10 09:49:29) — newer than 3 months
2026-01-04 12:46:48,252 - INFO - Skipping id=27667 (modified=2025-12-10 09:49:29) — newer than 3 months
2026-01-04 12:46:48,260 - INFO - Skipping id=27667 (modified=2025-12-10 09:49:29) — newer than 3 months
2026-01-04 12:46:48,272 - INFO - Skipping id=27667 (modified=2025-12-10 09:49:29) — newer than 3 months
2026-01-04 12:46:48,283 - INFO - Skipping id=27667 (modified=2025-12-10 09:49:29) — newer than 3 months
2026-01-04 12:46:48,291 - INFO - Skipping id=27667 (modified=2025-12-10 09:49:29) — newer than 3 months
2026-01-04 12:46:48,300 - INFO - Skipping id=27667 (modified=2025-12-10 09:49:29) — newer than 3 months
2026-01-04 12:46:48,309 - INFO - Skipping id=27667 (modified=2025-12-10 09:49:29) — newer than 3 months
2026-01-04 12:46:48,320 - INFO - Skipping id=27667 (modified=2025-12-10 09:49:29) — newer than 3 months
2026-01-04 12:46:48,330 - INFO - Skipping id=27667 (modified=2025-12-10 09:49:29) — newer than 3 months
2026-01-04 12:46:48,342 - INFO - Skipping id=27667 (modified=2025-12-10 09:49:29) — newer than 3 months
2026-01-04 12:46:48,351 - INFO - Skipping id=27667 (modified=2025-12-10 09:49:29) — newer than 3 months
2026-01-04 12:46:48,361 - INFO - Skipping id=27667 (modified=2025-12-10 09:49:29) — newer than 3 months
2026-01-04 12:46:48,373 - INFO - Skipping id=27667 (modified=2025-12-10 09:49:29) — newer than 3 months
2026-01-04 12:46:48,383 - INFO - Skipping id=27667 (modified=2025-12-10 09:49:29) — newer than 3 months
2026-01-04 12:46:48,391 - INFO - Skipping id=27667 (modified=2025-12-10 09:49:29) — newer than 3 months
2026-01-04 12:46:48,400 - INFO - Skipping id=27667 (modified=2025-12-10 09:49:29) — newer than 3 months
2026-01-04 12:46:48,412 - INFO - Skipping id=27667 (modified=2025-12-10 09:49:29) — newer than 3 months
2026-01-04 12:46:48,421 - INFO - Skipping id=27667 (modified=2025-12-10 09:49:29) — newer than 3 months
2026-01-04 12:46:48,431 - INFO - Skipping id=27667 (modified=2025-12-10 09:49:29) — newer than 3 months
2026-01-04 12:46:48,441 - INFO - Skipping id=27667 (modified=2025-12-10 09:49:29) — newer than 3 months
2026-01-04 12:46:48,450 - INFO - Skipping id=27667 (modified=2025-12-10 09:49:29) — newer than 3 months
2026-01-04 12:46:48,458 - INFO - Skipping id=27667 (modified=2025-12-10 09:49:29) — newer than 3 months
2026-01-04 12:46:48,468 - INFO - Skipping id=27667 (modified=2025-12-10 09:49:29) — newer than 3 months
2026-01-04 12:46:48,477 - INFO - Skipping id=27667 (modified=2025-12-10 09:49:29) — newer than 3 months
2026-01-04 12:46:48,487 - INFO - Skipping id=27667 (modified=2025-12-10 09:49:29) — newer than 3 months
2026-01-04 12:46:48,495 - INFO - Skipping id=27667 (modified=2025-12-10 09:49:29) — newer than 3 months
2026-01-04 12:46:48,504 - INFO - Skipping id=27667 (modified=2025-12-10 09:49:29) — newer than 3 months
2026-01-04 12:46:48,512 - INFO - Skipping id=27667 (modified=2025-12-10 09:49:29) — newer than 3 months
2026-01-04 12:46:48,522 - INFO - Skipping id=27667 (modified=2025-12-10 09:49:29) — newer than 3 months
2026-01-04 12:46:48,530 - INFO - Skipping id=27667 (modified=2025-12-10 09:49:29) — newer than 3 months
2026-01-04 12:46:48,540 - INFO - Skipping id=27667 (modified=2025-12-10 09:49:29) — newer than 3 months
2026-01-04 12:46:48,548 - INFO - Skipping id=27667 (modified=2025-12-10 09:49:29) — newer than 3 months
2026-01-04 12:46:48,557 - INFO - Skipping id=27667 (modified=2025-12-10 09:49:29) — newer than 3 months
2026-01-04 12:46:48,565 - INFO - Skipping id=27667 (modified=2025-12-10 09:49:29) — newer than 3 months
2026-01-04 12:46:48,574 - INFO - Skipping id=27667 (modified=2025-12-10 09:49:29) — newer than 3 months
2026-01-04 12:46:48,592 - INFO - Skipping id=27667 (modified=2025-12-10 09:49:29) — newer than 3 months
2026-01-04 12:46:48,610 - INFO - Skipping id=27667 (modified=2025-12-10 09:49:29) — newer than 3 months
2026-01-04 12:46:48,619 - INFO - Skipping id=27667 (modified=2025-12-10 09:49:29) — newer than 3 months
2026-01-04 12:46:48,629 - INFO - Skipping id=27667 (modified=2025-12-10 09:49:29) — newer than 3 months
2026-01-04 12:46:48,638 - INFO - Skipping id=27667 (modified=2025-12-10 09:49:29) — newer than 3 months
2026-01-04 12:46:48,647 - INFO - Skipping id=27667 (modified=2025-12-10 09:49:29) — newer than 3 months
2026-01-04 12:46:48,656 - INFO - Skipping id=27667 (modified=2025-12-10 09:49:29) — newer than 3 months
2026-01-04 12:46:48,665 - INFO - Skipping id=27667 (modified=2025-12-10 09:49:29) — newer than 3 months
2026-01-04 12:46:48,675 - INFO - Skipping id=27667 (modified=2025-12-10 09:49:29) — newer than 3 months
2026-01-04 12:46:48,684 - INFO - Skipping id=27667 (modified=2025-12-10 09:49:29) — newer than 3 months
2026-01-04 12:46:48,693 - INFO - Skipping id=27667 (modified=2025-12-10 09:49:29) — newer than 3 months
2026-01-04 12:46:48,703 - INFO - Skipping id=27667 (modified=2025-12-10 09:49:29) — newer than 3 months
2026-01-04 12:46:48,712 - INFO - Skipping id=27667 (modified=2025-12-10 09:49:29) — newer than 3 months
2026-01-04 12:46:48,720 - INFO - Skipping id=27667 (modified=2025-12-10 09:49:29) — newer than 3 months
2026-01-04 12:46:48,729 - INFO - Skipping id=27667 (modified=2025-12-10 09:49:29) — newer than 3 months
2026-01-04 12:46:48,740 - INFO - Skipping id=27667 (modified=2025-12-10 09:49:29) — newer than 3 months
2026-01-04 12:46:48,749 - INFO - Skipping id=27667 (modified=2025-12-10 09:49:29) — newer than 3 months
2026-01-04 12:46:48,766 - INFO - Skipping id=27667 (modified=2025-12-10 09:49:29) — newer than 3 months
2026-01-04 12:46:48,779 - INFO - Skipping id=27667 (modified=2025-12-10 09:49:29) — newer than 3 months
2026-01-04 12:46:48,789 - INFO - Skipping id=27667 (modified=2025-12-10 09:49:29) — newer than 3 months
2026-01-04 12:46:48,800 - INFO - Skipping id=27667 (modified=2025-12-10 09:49:29) — newer than 3 months
2026-01-04 12:46:48,810 - INFO - Skipping id=27667 (modified=2025-12-10 09:49:29) — newer than 3 months
2026-01-04 12:46:48,819 - INFO - Skipping id=27667 (modified=2025-12-10 09:49:29) — newer than 3 months
2026-01-04 12:46:48,828 - INFO - Skipping id=27667 (modified=2025-12-10 09:49:29) — newer than 3 months
2026-01-04 12:46:48,837 - INFO - Skipping id=27667 (modified=2025-12-10 09:49:29) — newer than 3 months
2026-01-04 12:46:48,845 - INFO - Skipping id=27667 (modified=2025-12-10 09:49:29) — newer than 3 months
2026-01-04 12:46:48,853 - INFO - Skipping id=27667 (modified=2025-12-10 09:49:29) — newer than 3 months
2026-01-04 12:46:48,862 - INFO - Skipping id=27667 (modified=2025-12-10 09:49:29) — newer than 3 months
2026-01-04 12:46:48,871 - INFO - Skipping id=27667 (modified=2025-12-10 09:49:29) — newer than 3 months
2026-01-04 12:46:48,882 - INFO - Skipping id=27667 (modified=2025-12-10 09:49:29) — newer than 3 months
2026-01-04 12:46:48,892 - INFO - Skipping id=27667 (modified=2025-12-10 09:49:29) — newer than 3 months
2026-01-04 12:46:48,901 - INFO - Skipping id=27667 (modified=2025-12-10 09:49:29) — newer than 3 months
2026-01-04 12:46:48,911 - INFO - Skipping id=27667 (modified=2025-12-10 09:49:29) — newer than 3 months
2026-01-04 12:46:48,922 - INFO - Skipping id=27667 (modified=2025-12-10 09:49:29) — newer than 3 months
2026-01-04 12:46:48,931 - INFO - Skipping id=27667 (modified=2025-12-10 09:49:29) — newer than 3 months
2026-01-04 12:46:48,940 - INFO - Skipping id=27667 (modified=2025-12-10 09:49:29) — newer than 3 months
2026-01-04 12:46:48,951 - INFO - Skipping id=27667 (modified=2025-12-10 09:49:29) — newer than 3 months
2026-01-04 12:46:48,960 - INFO - Skipping id=27667 (modified=2025-12-10 09:49:29) — newer than 3 months
2026-01-04 12:46:48,972 - INFO - Skipping id=27667 (modified=2025-12-10 09:49:29) — newer than 3 months
2026-01-04 12:46:48,982 - INFO - Skipping id=27667 (modified=2025-12-10 09:49:29) — newer than 3 months
2026-01-04 12:46:48,989 - INFO - Skipping id=27667 (modified=2025-12-10 09:49:29) — newer than 3 months
2026-01-04 12:46:48,998 - INFO - Skipping id=27667 (modified=2025-12-10 09:49:29) — newer than 3 months
2026-01-04 12:46:49,008 - INFO - Skipping id=27667 (modified=2025-12-10 09:49:29) — newer than 3 months
2026-01-04 12:46:49,017 - INFO - Skipping id=27667 (modified=2025-12-10 09:49:29) — newer than 3 months
2026-01-04 12:46:49,026 - INFO - Skipping id=27667 (modified=2025-12-10 09:49:29) — newer than 3 months
2026-01-04 12:46:49,038 - INFO - Skipping id=27667 (modified=2025-12-10 09:49:29) — newer than 3 months
2026-01-04 12:46:49,047 - INFO - Skipping id=27667 (modified=2025-12-10 09:49:29) — newer than 3 months
2026-01-04 12:46:49,057 - INFO - Skipping id=27667 (modified=2025-12-10 09:49:29) — newer than 3 months
2026-01-04 12:46:49,068 - INFO - Skipping id=27667 (modified=2025-12-10 09:49:29) — newer than 3 months
2026-01-04 12:46:49,076 - INFO - Skipping id=27667 (modified=2025-12-10 09:49:29) — newer than 3 months
2026-01-04 12:46:49,085 - INFO - Skipping id=27667 (modified=2025-12-10 09:49:29) — newer than 3 months
2026-01-04 12:46:49,094 - INFO - Skipping id=27667 (modified=2025-12-10 09:49:29) — newer than 3 months
2026-01-04 12:46:49,102 - INFO - Skipping id=27667 (modified=2025-12-10 09:49:29) — newer than 3 months
2026-01-04 12:46:49,112 - INFO - Skipping id=27667 (modified=2025-12-10 09:49:29) — newer than 3 months
2026-01-04 12:46:49,120 - INFO - Skipping id=27667 (modified=2025-12-10 09:49:29) — newer than 3 months
2026-01-04 12:46:49,128 - INFO - Skipping id=27667 (modified=2025-12-10 09:49:29) — newer than 3 months
2026-01-04 12:46:49,137 - INFO - Skipping id=27667 (modified=2025-12-10 09:49:29) — newer than 3 months
2026-01-04 12:46:49,145 - INFO - Skipping id=27667 (modified=2025-12-10 09:49:29) — newer than 3 months
2026-01-04 12:46:49,155 - INFO - Skipping id=27667 (modified=2025-12-10 09:49:29) — newer than 3 months
2026-01-04 12:46:49,165 - INFO - Skipping id=27667 (modified=2025-12-10 09:49:29) — newer than 3 months
2026-01-04 12:46:49,194 - INFO - Skipping id=27667 (modified=2025-12-10 09:49:29) — newer than 3 months
2026-01-04 12:46:49,203 - INFO - Skipping id=27667 (modified=2025-12-10 09:49:29) — newer than 3 months
2026-01-04 12:46:49,211 - INFO - Skipping id=27667 (modified=2025-12-10 09:49:29) — newer than 3 months
2026-01-04 12:46:49,220 - INFO - Skipping id=27667 (modified=2025-12-10 09:49:29) — newer than 3 months
2026-01-04 12:46:49,234 - INFO - Skipping id=27667 (modified=2025-12-10 09:49:29) — newer than 3 months
2026-01-04 12:46:49,243 - INFO - Skipping id=27667 (modified=2025-12-10 09:49:29) — newer than 3 months
2026-01-04 12:46:49,252 - INFO - Skipping id=27667 (modified=2025-12-10 09:49:29) — newer than 3 months
2026-01-04 12:46:49,262 - INFO - Skipping id=27667 (modified=2025-12-10 09:49:29) — newer than 3 months
2026-01-04 12:46:49,272 - INFO - Skipping id=27667 (modified=2025-12-10 09:49:29) — newer than 3 months
2026-01-04 12:46:49,280 - INFO - Skipping id=27667 (modified=2025-12-10 09:49:29) — newer than 3 months
2026-01-04 12:46:49,293 - INFO - Skipping id=27667 (modified=2025-12-10 09:49:29) — newer than 3 months
2026-01-04 12:46:49,302 - INFO - Skipping id=27667 (modified=2025-12-10 09:49:29) — newer than 3 months
2026-01-04 12:46:49,310 - INFO - Skipping id=27667 (modified=2025-12-10 09:49:29) — newer than 3 months
2026-01-04 12:46:49,318 - INFO - Skipping id=27667 (modified=2025-12-10 09:49:29) — newer than 3 months
2026-01-04 12:46:49,327 - INFO - Skipping id=27667 (modified=2025-12-10 09:49:29) — newer than 3 months
2026-01-04 12:46:49,336 - INFO - Skipping id=27667 (modified=2025-12-10 09:49:29) — newer than 3 months
2026-01-04 12:46:49,345 - INFO - Skipping id=27667 (modified=2025-12-10 09:49:29) — newer than 3 months
2026-01-04 12:46:49,353 - INFO - Skipping id=27667 (modified=2025-12-10 09:49:29) — newer than 3 months
2026-01-04 12:46:49,361 - INFO - Skipping id=27667 (modified=2025-12-10 09:49:29) — newer than 3 months
2026-01-04 12:46:49,369 - INFO - Skipping id=27667 (modified=2025-12-10 09:49:29) — newer than 3 months
2026-01-04 12:46:49,378 - INFO - Skipping id=27667 (modified=2025-12-10 09:49:29) — newer than 3 months
2026-01-04 12:46:49,386 - INFO - Skipping id=27667 (modified=2025-12-10 09:49:29) — newer than 3 months
2026-01-04 12:46:49,395 - INFO - Skipping id=27667 (modified=2025-12-10 09:49:29) — newer than 3 months
2026-01-04 12:46:49,405 - INFO - Skipping id=27667 (modified=2025-12-10 09:49:29) — newer than 3 months
2026-01-04 12:46:49,413 - INFO - Skipping id=27667 (modified=2025-12-10 09:49:29) — newer than 3 months
2026-01-04 12:46:49,421 - INFO - Skipping id=27667 (modified=2025-12-10 09:49:29) — newer than 3 months
2026-01-04 12:46:49,430 - INFO - Skipping id=27667 (modified=2025-12-10 09:49:29) — newer than 3 months
2026-01-04 12:46:49,439 - INFO - Skipping id=27667 (modified=2025-12-10 09:49:29) — newer than 3 months
2026-01-04 12:46:49,448 - INFO - Skipping id=27667 (modified=2025-12-10 09:49:29) — newer than 3 months
2026-01-04 12:46:49,457 - INFO - Skipping id=27667 (modified=2025-12-10 09:49:29) — newer than 3 months
2026-01-04 12:46:49,467 - INFO - Skipping id=27667 (modified=2025-12-10 09:49:29) — newer than 3 months
2026-01-04 12:46:49,476 - INFO - Skipping id=27667 (modified=2025-12-10 09:49:29) — newer than 3 months
2026-01-04 12:46:49,485 - INFO - Skipping id=27667 (modified=2025-12-10 09:49:29) — newer than 3 months
2026-01-04 12:46:49,494 - INFO - Skipping id=27667 (modified=2025-12-10 09:49:29) — newer than 3 months
2026-01-04 12:46:49,503 - INFO - Skipping id=27667 (modified=2025-12-10 09:49:29) — newer than 3 months
2026-01-04 12:46:49,511 - INFO - Skipping id=27667 (modified=2025-12-10 09:49:29) — newer than 3 months
2026-01-04 12:46:49,520 - INFO - Skipping id=27667 (modified=2025-12-10 09:49:29) — newer than 3 months
2026-01-04 12:46:49,529 - INFO - Skipping id=27667 (modified=2025-12-10 09:49:29) — newer than 3 months
2026-01-04 12:46:49,537 - INFO - Skipping id=27667 (modified=2025-12-10 09:49:29) — newer than 3 months
2026-01-04 12:46:49,546 - INFO - Skipping id=27667 (modified=2025-12-10 09:49:29) — newer than 3 months
2026-01-04 12:46:49,554 - INFO - Skipping id=27667 (modified=2025-12-10 09:49:29) — newer than 3 months
2026-01-04 12:46:49,562 - INFO - Skipping id=27667 (modified=2025-12-10 09:49:29) — newer than 3 months
2026-01-04 12:46:49,570 - INFO - Skipping id=27667 (modified=2025-12-10 09:49:29) — newer than 3 months
2026-01-04 12:46:49,580 - INFO - Skipping id=27667 (modified=2025-12-10 09:49:29) — newer than 3 months
2026-01-04 12:46:49,589 - INFO - Skipping id=27667 (modified=2025-12-10 09:49:29) — newer than 3 months
2026-01-04 12:46:49,599 - INFO - Skipping id=27667 (modified=2025-12-10 09:49:29) — newer than 3 months
2026-01-04 12:46:49,613 - INFO - Skipping id=27667 (modified=2025-12-10 09:49:29) — newer than 3 months
2026-01-04 12:46:49,622 - INFO - Skipping id=27667 (modified=2025-12-10 09:49:29) — newer than 3 months
2026-01-04 12:46:49,630 - INFO - Skipping id=27667 (modified=2025-12-10 09:49:29) — newer than 3 months
2026-01-04 12:46:49,639 - INFO - Skipping id=27667 (modified=2025-12-10 09:49:29) — newer than 3 months
2026-01-04 12:46:49,647 - INFO - Skipping id=27667 (modified=2025-12-10 09:49:29) — newer than 3 months
2026-01-04 12:46:49,656 - INFO - Skipping id=27667 (modified=2025-12-10 09:49:29) — newer than 3 months
2026-01-04 12:46:49,667 - INFO - Skipping id=27667 (modified=2025-12-10 09:49:29) — newer than 3 months
2026-01-04 12:46:49,702 - INFO - Skipping id=27667 (modified=2025-12-10 09:49:29) — newer than 3 months
2026-01-04 12:46:49,711 - INFO - Skipping id=27667 (modified=2025-12-10 09:49:29) — newer than 3 months
2026-01-04 12:46:49,722 - INFO - Skipping id=27667 (modified=2025-12-10 09:49:29) — newer than 3 months
2026-01-04 12:46:49,733 - INFO - Skipping id=27667 (modified=2025-12-10 09:49:29) — newer than 3 months
2026-01-04 12:46:49,742 - INFO - Skipping id=27667 (modified=2025-12-10 09:49:29) — newer than 3 months
2026-01-04 12:46:49,754 - INFO - Skipping id=27667 (modified=2025-12-10 09:49:29) — newer than 3 months
2026-01-04 12:46:49,762 - INFO - Skipping id=27667 (modified=2025-12-10 09:49:29) — newer than 3 months
2026-01-04 12:46:49,771 - INFO - Skipping id=27667 (modified=2025-12-10 09:49:29) — newer than 3 months
2026-01-04 12:46:49,780 - INFO - Skipping id=27667 (modified=2025-12-10 09:49:29) — newer than 3 months
2026-01-04 12:46:49,789 - INFO - Skipping id=27667 (modified=2025-12-10 09:49:29) — newer than 3 months
2026-01-04 12:46:49,798 - INFO - Skipping id=27667 (modified=2025-12-10 09:49:29) — newer than 3 months
2026-01-04 12:46:49,810 - INFO - Skipping id=27667 (modified=2025-12-10 09:49:29) — newer than 3 months
2026-01-04 12:46:49,819 - INFO - Skipping id=27667 (modified=2025-12-10 09:49:29) — newer than 3 months
2026-01-04 12:46:49,829 - INFO - Skipping id=27667 (modified=2025-12-10 09:49:29) — newer than 3 months
2026-01-04 12:46:49,840 - INFO - Skipping id=27667 (modified=2025-12-10 09:49:29) — newer than 3 months
2026-01-04 12:46:49,849 - INFO - Skipping id=27667 (modified=2025-12-10 09:49:29) — newer than 3 months
2026-01-04 12:46:49,858 - INFO - Skipping id=27667 (modified=2025-12-10 09:49:29) — newer than 3 months
2026-01-04 12:46:49,868 - INFO - Skipping id=27667 (modified=2025-12-10 09:49:29) — newer than 3 months
2026-01-04 12:46:49,877 - INFO - Skipping id=27667 (modified=2025-12-10 09:49:29) — newer than 3 months
2026-01-04 12:46:49,885 - INFO - Skipping id=27667 (modified=2025-12-10 09:49:29) — newer than 3 months
2026-01-04 12:46:49,895 - INFO - Skipping id=27667 (modified=2025-12-10 09:49:29) — newer than 3 months
2026-01-04 12:46:49,910 - INFO - Skipping id=27667 (modified=2025-12-10 09:49:29) — newer than 3 months
2026-01-04 12:46:49,920 - INFO - Skipping id=27667 (modified=2025-12-10 09:49:29) — newer than 3 months
2026-01-04 12:46:49,929 - INFO - Skipping id=27667 (modified=2025-12-10 09:49:29) — newer than 3 months
2026-01-04 12:46:49,937 - INFO - Skipping id=27667 (modified=2025-12-10 09:49:29) — newer than 3 months
2026-01-04 12:46:49,947 - INFO - Skipping id=27667 (modified=2025-12-10 09:49:29) — newer than 3 months
2026-01-04 12:46:49,956 - INFO - Skipping id=27667 (modified=2025-12-10 09:49:29) — newer than 3 months
2026-01-04 12:46:49,967 - INFO - Skipping id=27667 (modified=2025-12-10 09:49:29) — newer than 3 months
2026-01-04 12:46:49,976 - INFO - Skipping id=27667 (modified=2025-12-10 09:49:29) — newer than 3 months
2026-01-04 12:46:49,986 - INFO - Skipping id=27667 (modified=2025-12-10 09:49:29) — newer than 3 months
2026-01-04 12:46:49,995 - INFO - Skipping id=27667 (modified=2025-12-10 09:49:29) — newer than 3 months
2026-01-04 12:46:50,003 - INFO - Skipping id=27667 (modified=2025-12-10 09:49:29) — newer than 3 months
2026-01-04 12:46:50,014 - INFO - Skipping id=27667 (modified=2025-12-10 09:49:29) — newer than 3 months
2026-01-04 12:46:50,022 - INFO - Skipping id=27667 (modified=2025-12-10 09:49:29) — newer than 3 months
2026-01-04 12:46:50,031 - INFO - Skipping id=27667 (modified=2025-12-10 09:49:29) — newer than 3 months
2026-01-04 12:46:50,041 - INFO - Skipping id=27667 (modified=2025-12-10 09:49:29) — newer than 3 months
2026-01-04 12:46:50,053 - INFO - Skipping id=27667 (modified=2025-12-10 09:49:29) — newer than 3 months
2026-01-04 12:46:50,063 - INFO - Skipping id=27667 (modified=2025-12-10 09:49:29) — newer than 3 months
2026-01-04 12:46:50,072 - INFO - Skipping id=27667 (modified=2025-12-10 09:49:29) — newer than 3 months
2026-01-04 12:46:50,081 - INFO - Skipping id=27667 (modified=2025-12-10 09:49:29) — newer than 3 months
2026-01-04 12:46:50,091 - INFO - Skipping id=27667 (modified=2025-12-10 09:49:29) — newer than 3 months
2026-01-04 12:46:50,102 - INFO - Skipping id=27667 (modified=2025-12-10 09:49:29) — newer than 3 months
2026-01-04 12:46:50,111 - INFO - Skipping id=27667 (modified=2025-12-10 09:49:29) — newer than 3 months
2026-01-04 12:46:50,125 - INFO - Skipping id=27667 (modified=2025-12-10 09:49:29) — newer than 3 months
2026-01-04 12:46:50,135 - INFO - Skipping id=27667 (modified=2025-12-10 09:49:29) — newer than 3 months
2026-01-04 12:46:50,143 - INFO - Skipping id=27667 (modified=2025-12-10 09:49:29) — newer than 3 months
2026-01-04 12:46:50,152 - INFO - Skipping id=27667 (modified=2025-12-10 09:49:29) — newer than 3 months
2026-01-04 12:46:50,160 - INFO - Skipping id=27667 (modified=2025-12-10 09:49:29) — newer than 3 months
2026-01-04 12:46:50,169 - INFO - Skipping id=27667 (modified=2025-12-10 09:49:29) — newer than 3 months
2026-01-04 12:46:50,179 - INFO - Skipping id=27667 (modified=2025-12-10 09:49:29) — newer than 3 months
2026-01-04 12:46:50,189 - INFO - Skipping id=27667 (modified=2025-12-10 09:49:29) — newer than 3 months
2026-01-04 12:46:50,199 - INFO - Skipping id=27667 (modified=2025-12-10 09:49:29) — newer than 3 months
2026-01-04 12:46:50,208 - INFO - Skipping id=27667 (modified=2025-12-10 09:49:29) — newer than 3 months
2026-01-04 12:46:50,218 - INFO - Skipping id=27667 (modified=2025-12-10 09:49:29) — newer than 3 months
2026-01-04 12:46:50,229 - INFO - Skipping id=27667 (modified=2025-12-10 09:49:29) — newer than 3 months
2026-01-04 12:46:50,238 - INFO - Skipping id=27667 (modified=2025-12-10 09:49:29) — newer than 3 months
2026-01-04 12:46:50,247 - INFO - Skipping id=27667 (modified=2025-12-10 09:49:29) — newer than 3 months
2026-01-04 12:46:50,256 - INFO - Skipping id=27667 (modified=2025-12-10 09:49:29) — newer than 3 months
2026-01-04 12:46:50,267 - INFO - Skipping id=27667 (modified=2025-12-10 09:49:29) — newer than 3 months
2026-01-04 12:46:50,276 - INFO - Skipping id=27667 (modified=2025-12-10 09:49:29) — newer than 3 months
2026-01-04 12:46:50,284 - INFO - Skipping id=27667 (modified=2025-12-10 09:49:29) — newer than 3 months
2026-01-04 12:46:50,293 - INFO - Skipping id=27667 (modified=2025-12-10 09:49:29) — newer than 3 months
2026-01-04 12:46:50,302 - INFO - Skipping id=27667 (modified=2025-12-10 09:49:29) — newer than 3 months
2026-01-04 12:46:50,313 - INFO - Skipping id=27667 (modified=2025-12-10 09:49:29) — newer than 3 months
2026-01-04 12:46:50,321 - INFO - Skipping id=27667 (modified=2025-12-10 09:49:29) — newer than 3 months
2026-01-04 12:46:50,330 - INFO - Skipping id=27667 (modified=2025-12-10 09:49:29) — newer than 3 months
2026-01-04 12:46:50,356 - INFO - Skipping id=27667 (modified=2025-12-10 09:49:29) — newer than 3 months
2026-01-04 12:46:50,364 - INFO - Skipping id=27667 (modified=2025-12-10 09:49:29) — newer than 3 months
2026-01-04 12:46:50,372 - INFO - Skipping id=27667 (modified=2025-12-10 09:49:29) — newer than 3 months
2026-01-04 12:46:50,381 - INFO - Skipping id=27667 (modified=2025-12-10 09:49:29) — newer than 3 months
2026-01-04 12:46:50,391 - INFO - Skipping id=27667 (modified=2025-12-10 09:49:29) — newer than 3 months
2026-01-04 12:46:50,400 - INFO - Skipping id=27667 (modified=2025-12-10 09:49:29) — newer than 3 months
2026-01-04 12:46:50,410 - INFO - Skipping id=27667 (modified=2025-12-10 09:49:29) — newer than 3 months
2026-01-04 12:46:50,419 - INFO - Skipping id=27667 (modified=2025-12-10 09:49:29) — newer than 3 months
2026-01-04 12:46:50,427 - INFO - Skipping id=27667 (modified=2025-12-10 09:49:29) — newer than 3 months
2026-01-04 12:46:50,438 - INFO - Skipping id=27667 (modified=2025-12-10 09:49:29) — newer than 3 months
2026-01-04 12:46:50,446 - INFO - Skipping id=27667 (modified=2025-12-10 09:49:29) — newer than 3 months
2026-01-04 12:46:50,455 - INFO - Skipping id=27667 (modified=2025-12-10 09:49:29) — newer than 3 months
2026-01-04 12:46:50,465 - INFO - Skipping id=27667 (modified=2025-12-10 09:49:29) — newer than 3 months
2026-01-04 12:46:50,475 - INFO - Skipping id=27667 (modified=2025-12-10 09:49:29) — newer than 3 months
2026-01-04 12:46:50,484 - INFO - Skipping id=27667 (modified=2025-12-10 09:49:29) — newer than 3 months
2026-01-04 12:46:50,505 - INFO - Skipping id=27667 (modified=2025-12-10 09:49:29) — newer than 3 months
2026-01-04 12:46:50,514 - INFO - Skipping id=27667 (modified=2025-12-10 09:49:29) — newer than 3 months
2026-01-04 12:46:50,524 - INFO - Skipping id=27667 (modified=2025-12-10 09:49:29) — newer than 3 months
2026-01-04 12:46:50,534 - INFO - Skipping id=27667 (modified=2025-12-10 09:49:29) — newer than 3 months
2026-01-04 12:46:50,543 - INFO - Skipping id=27667 (modified=2025-12-10 09:49:29) — newer than 3 months
2026-01-04 12:46:50,553 - INFO - Skipping id=27667 (modified=2025-12-10 09:49:29) — newer than 3 months
2026-01-04 12:46:50,563 - INFO - Skipping id=27667 (modified=2025-12-10 09:49:29) — newer than 3 months
2026-01-04 12:46:50,571 - INFO - Skipping id=27667 (modified=2025-12-10 09:49:29) — newer than 3 months
2026-01-04 12:46:50,581 - INFO - Skipping id=27667 (modified=2025-12-10 09:49:29) — newer than 3 months
2026-01-04 12:46:50,590 - INFO - Skipping id=27667 (modified=2025-12-10 09:49:29) — newer than 3 months
2026-01-04 12:46:50,600 - INFO - Skipping id=27667 (modified=2025-12-10 09:49:29) — newer than 3 months
2026-01-04 12:46:50,638 - INFO - Skipping id=27667 (modified=2025-12-10 09:49:29) — newer than 3 months
2026-01-04 12:46:50,654 - INFO - Skipping id=27667 (modified=2025-12-10 09:49:29) — newer than 3 months
2026-01-04 12:46:50,668 - INFO - Skipping id=27667 (modified=2025-12-10 09:49:29) — newer than 3 months
2026-01-04 12:46:50,677 - INFO - Skipping id=27667 (modified=2025-12-10 09:49:29) — newer than 3 months
2026-01-04 12:46:50,687 - INFO - Skipping id=27667 (modified=2025-12-10 09:49:29) — newer than 3 months
2026-01-04 12:46:50,695 - INFO - Skipping id=27667 (modified=2025-12-10 09:49:29) — newer than 3 months
2026-01-04 12:46:50,705 - INFO - Skipping id=27667 (modified=2025-12-10 09:49:29) — newer than 3 months
2026-01-04 12:46:50,715 - INFO - Skipping id=27667 (modified=2025-12-10 09:49:29) — newer than 3 months
2026-01-04 12:46:50,725 - INFO - Skipping id=27667 (modified=2025-12-10 09:49:29) — newer than 3 months
2026-01-04 12:46:50,734 - INFO - Skipping id=27667 (modified=2025-12-10 09:49:29) — newer than 3 months
2026-01-04 12:46:50,742 - INFO - Skipping id=27667 (modified=2025-12-10 09:49:29) — newer than 3 months
2026-01-04 12:46:50,751 - INFO - Skipping id=27667 (modified=2025-12-10 09:49:29) — newer than 3 months
2026-01-04 12:46:50,759 - INFO - Skipping id=27667 (modified=2025-12-10 09:49:29) — newer than 3 months
2026-01-04 12:46:50,768 - INFO - Skipping id=27667 (modified=2025-12-10 09:49:29) — newer than 3 months
2026-01-04 12:46:50,776 - INFO - Skipping id=27667 (modified=2025-12-10 09:49:29) — newer than 3 months
2026-01-04 12:46:50,785 - INFO - Skipping id=27667 (modified=2025-12-10 09:49:29) — newer than 3 months
2026-01-04 12:46:50,794 - INFO - Skipping id=27667 (modified=2025-12-10 09:49:29) — newer than 3 months
2026-01-04 12:46:50,802 - INFO - Skipping id=27667 (modified=2025-12-10 09:49:29) — newer than 3 months
2026-01-04 12:46:50,811 - INFO - Skipping id=27667 (modified=2025-12-10 09:49:29) — newer than 3 months
2026-01-04 12:46:50,820 - INFO - Skipping id=27667 (modified=2025-12-10 09:49:29) — newer than 3 months
2026-01-04 12:46:50,833 - INFO - Skipping id=27667 (modified=2025-12-10 09:49:29) — newer than 3 months
2026-01-04 12:46:50,841 - INFO - Skipping id=27667 (modified=2025-12-10 09:49:29) — newer than 3 months
2026-01-04 12:46:50,849 - INFO - Skipping id=27667 (modified=2025-12-10 09:49:29) — newer than 3 months
2026-01-04 12:46:50,859 - INFO - Skipping id=27667 (modified=2025-12-10 09:49:29) — newer than 3 months
2026-01-04 12:46:50,867 - INFO - Skipping id=27667 (modified=2025-12-10 09:49:29) — newer than 3 months
2026-01-04 12:46:50,877 - INFO - Skipping id=27667 (modified=2025-12-10 09:49:29) — newer than 3 months
2026-01-04 12:46:50,885 - INFO - Skipping id=27667 (modified=2025-12-10 09:49:29) — newer than 3 months
2026-01-04 12:46:50,894 - INFO - Skipping id=27667 (modified=2025-12-10 09:49:29) — newer than 3 months
2026-01-04 12:46:50,902 - INFO - Skipping id=27667 (modified=2025-12-10 09:49:29) — newer than 3 months
2026-01-04 12:46:50,910 - INFO - Skipping id=27667 (modified=2025-12-10 09:49:29) — newer than 3 months
2026-01-04 12:46:50,918 - INFO - Skipping id=27667 (modified=2025-12-10 09:49:29) — newer than 3 months
2026-01-04 12:46:50,929 - INFO - Skipping id=27667 (modified=2025-12-10 09:49:29) — newer than 3 months
2026-01-04 12:46:50,938 - INFO - Skipping id=27667 (modified=2025-12-10 09:49:29) — newer than 3 months
2026-01-04 12:46:50,947 - INFO - Skipping id=27667 (modified=2025-12-10 09:49:29) — newer than 3 months
2026-01-04 12:46:50,972 - INFO - Skipping id=27667 (modified=2025-12-10 09:49:29) — newer than 3 months
2026-01-04 12:46:50,982 - INFO - Skipping id=27667 (modified=2025-12-10 09:49:29) — newer than 3 months
2026-01-04 12:46:50,990 - INFO - Skipping id=27667 (modified=2025-12-10 09:49:29) — newer than 3 months
2026-01-04 12:46:50,999 - INFO - Skipping id=27667 (modified=2025-12-10 09:49:29) — newer than 3 months
2026-01-04 12:46:51,008 - INFO - Skipping id=27667 (modified=2025-12-10 09:49:29) — newer than 3 months
2026-01-04 12:46:51,018 - INFO - Skipping id=27667 (modified=2025-12-10 09:49:29) — newer than 3 months
2026-01-04 12:46:51,028 - INFO - Skipping id=27667 (modified=2025-12-10 09:49:29) — newer than 3 months
2026-01-04 12:46:51,036 - INFO - Skipping id=27667 (modified=2025-12-10 09:49:29) — newer than 3 months
2026-01-04 12:46:51,044 - INFO - Skipping id=27667 (modified=2025-12-10 09:49:29) — newer than 3 months
2026-01-04 12:46:51,053 - INFO - Skipping id=27667 (modified=2025-12-10 09:49:29) — newer than 3 months
2026-01-04 12:46:51,062 - INFO - Skipping id=27667 (modified=2025-12-10 09:49:29) — newer than 3 months
2026-01-04 12:46:51,070 - INFO - Skipping id=27667 (modified=2025-12-10 09:49:29) — newer than 3 months
2026-01-04 12:46:51,079 - INFO - Skipping id=27667 (modified=2025-12-10 09:49:29) — newer than 3 months
2026-01-04 12:46:51,088 - INFO - Skipping id=27667 (modified=2025-12-10 09:49:29) — newer than 3 months
2026-01-04 12:46:51,099 - INFO - Skipping id=27667 (modified=2025-12-10 09:49:29) — newer than 3 months
2026-01-04 12:46:51,108 - INFO - Skipping id=27667 (modified=2025-12-10 09:49:29) — newer than 3 months
2026-01-04 12:46:51,116 - INFO - Skipping id=27667 (modified=2025-12-10 09:49:29) — newer than 3 months
2026-01-04 12:46:51,126 - INFO - Skipping id=27667 (modified=2025-12-10 09:49:29) — newer than 3 months
2026-01-04 12:46:51,135 - INFO - Skipping id=27667 (modified=2025-12-10 09:49:29) — newer than 3 months
2026-01-04 12:46:51,144 - INFO - Skipping id=27667 (modified=2025-12-10 09:49:29) — newer than 3 months
2026-01-04 12:46:51,151 - INFO - Skipping id=27667 (modified=2025-12-10 09:49:29) — newer than 3 months
2026-01-04 12:46:51,160 - INFO - Skipping id=27667 (modified=2025-12-10 09:49:29) — newer than 3 months
2026-01-04 12:46:51,169 - INFO - Skipping id=27667 (modified=2025-12-10 09:49:29) — newer than 3 months
2026-01-04 12:46:51,178 - INFO - Skipping id=27667 (modified=2025-12-10 09:49:29) — newer than 3 months
2026-01-04 12:46:51,187 - INFO - Skipping id=27667 (modified=2025-12-10 09:49:29) — newer than 3 months
2026-01-04 12:46:51,196 - INFO - Skipping id=27667 (modified=2025-12-10 09:49:29) — newer than 3 months
2026-01-04 12:46:51,206 - INFO - Skipping id=27667 (modified=2025-12-10 09:49:29) — newer than 3 months
2026-01-04 12:46:51,215 - INFO - Skipping id=27667 (modified=2025-12-10 09:49:29) — newer than 3 months
2026-01-04 12:46:51,225 - INFO - Skipping id=27667 (modified=2025-12-10 09:49:29) — newer than 3 months
2026-01-04 12:46:51,236 - INFO - Skipping id=27667 (modified=2025-12-10 09:49:29) — newer than 3 months
2026-01-04 12:46:51,244 - INFO - Skipping id=27667 (modified=2025-12-10 09:49:29) — newer than 3 months
2026-01-04 12:46:51,252 - INFO - Skipping id=27667 (modified=2025-12-10 09:49:29) — newer than 3 months
2026-01-04 12:46:51,263 - INFO - Skipping id=27667 (modified=2025-12-10 09:49:29) — newer than 3 months
2026-01-04 12:46:51,273 - INFO - Skipping id=27667 (modified=2025-12-10 09:49:29) — newer than 3 months
2026-01-04 12:46:51,282 - INFO - Skipping id=27667 (modified=2025-12-10 09:49:29) — newer than 3 months
2026-01-04 12:46:51,291 - INFO - Skipping id=27667 (modified=2025-12-10 09:49:29) — newer than 3 months
2026-01-04 12:46:51,301 - INFO - Skipping id=27667 (modified=2025-12-10 09:49:29) — newer than 3 months
2026-01-04 12:46:51,309 - INFO - Skipping id=27667 (modified=2025-12-10 09:49:29) — newer than 3 months
2026-01-04 12:46:51,318 - INFO - Skipping id=27667 (modified=2025-12-10 09:49:29) — newer than 3 months
2026-01-04 12:46:51,327 - INFO - Skipping id=27667 (modified=2025-12-10 09:49:29) — newer than 3 months
2026-01-04 12:46:51,337 - INFO - Skipping id=27667 (modified=2025-12-10 09:49:29) — newer than 3 months
2026-01-04 12:46:51,347 - INFO - Skipping id=27667 (modified=2025-12-10 09:49:29) — newer than 3 months
2026-01-04 12:46:51,357 - INFO - Skipping id=27667 (modified=2025-12-10 09:49:29) — newer than 3 months
2026-01-04 12:46:51,367 - INFO - Skipping id=27667 (modified=2025-12-10 09:49:29) — newer than 3 months
2026-01-04 12:46:51,376 - INFO - Skipping id=27667 (modified=2025-12-10 09:49:29) — newer than 3 months
2026-01-04 12:46:51,385 - INFO - Skipping id=27667 (modified=2025-12-10 09:49:29) — newer than 3 months
2026-01-04 12:46:51,394 - INFO - Skipping id=27667 (modified=2025-12-10 09:49:29) — newer than 3 months
2026-01-04 12:46:51,402 - INFO - Skipping id=27667 (modified=2025-12-10 09:49:29) — newer than 3 months
2026-01-04 12:46:51,412 - INFO - Skipping id=27667 (modified=2025-12-10 09:49:29) — newer than 3 months
2026-01-04 12:46:51,419 - INFO - Skipping id=27667 (modified=2025-12-10 09:49:29) — newer than 3 months
2026-01-04 12:46:51,427 - INFO - Skipping id=27667 (modified=2025-12-10 09:49:29) — newer than 3 months
2026-01-04 12:46:51,437 - INFO - Skipping id=27667 (modified=2025-12-10 09:49:29) — newer than 3 months
2026-01-04 12:46:51,445 - INFO - Skipping id=27667 (modified=2025-12-10 09:49:29) — newer than 3 months
2026-01-04 12:46:51,454 - INFO - Skipping id=27667 (modified=2025-12-10 09:49:29) — newer than 3 months
2026-01-04 12:46:51,462 - INFO - Skipping id=27667 (modified=2025-12-10 09:49:29) — newer than 3 months
2026-01-04 12:46:51,471 - INFO - Skipping id=27667 (modified=2025-12-10 09:49:29) — newer than 3 months
2026-01-04 12:46:51,518 - INFO - Skipping id=27667 (modified=2025-12-10 09:49:29) — newer than 3 months
2026-01-04 12:46:51,527 - INFO - Skipping id=27667 (modified=2025-12-10 09:49:29) — newer than 3 months
2026-01-04 12:46:51,536 - INFO - Skipping id=27667 (modified=2025-12-10 09:49:29) — newer than 3 months
2026-01-04 12:46:51,543 - INFO - Skipping id=27667 (modified=2025-12-10 09:49:29) — newer than 3 months
2026-01-04 12:46:51,553 - INFO - Skipping id=27667 (modified=2025-12-10 09:49:29) — newer than 3 months
2026-01-04 12:46:51,563 - INFO - Skipping id=27667 (modified=2025-12-10 09:49:29) — newer than 3 months
2026-01-04 12:46:51,588 - INFO - Skipping id=27667 (modified=2025-12-10 09:49:29) — newer than 3 months
2026-01-04 12:46:51,603 - INFO - Skipping id=27667 (modified=2025-12-10 09:49:29) — newer than 3 months
2026-01-04 12:46:51,617 - INFO - Skipping id=27667 (modified=2025-12-10 09:49:29) — newer than 3 months
2026-01-04 12:46:51,627 - INFO - Skipping id=27667 (modified=2025-12-10 09:49:29) — newer than 3 months
2026-01-04 12:46:51,637 - INFO - Skipping id=27667 (modified=2025-12-10 09:49:29) — newer than 3 months
2026-01-04 12:46:51,648 - INFO - Skipping id=27667 (modified=2025-12-10 09:49:29) — newer than 3 months
2026-01-04 12:46:51,657 - INFO - Skipping id=27667 (modified=2025-12-10 09:49:29) — newer than 3 months
2026-01-04 12:46:51,711 - INFO - Skipping id=27667 (modified=2025-12-10 09:49:29) — newer than 3 months
2026-01-04 12:46:51,720 - INFO - Skipping id=27667 (modified=2025-12-10 09:49:29) — newer than 3 months
2026-01-04 12:46:51,728 - INFO - Skipping id=27667 (modified=2025-12-10 09:49:29) — newer than 3 months
2026-01-04 12:46:51,736 - INFO - Skipping id=27667 (modified=2025-12-10 09:49:29) — newer than 3 months
2026-01-04 12:46:51,746 - INFO - Skipping id=27667 (modified=2025-12-10 09:49:29) — newer than 3 months
2026-01-04 12:46:51,755 - INFO - Skipping id=27667 (modified=2025-12-10 09:49:29) — newer than 3 months
2026-01-04 12:46:51,791 - INFO - Skipping id=27667 (modified=2025-12-10 09:49:29) — newer than 3 months
2026-01-04 12:46:51,802 - INFO - Skipping id=27667 (modified=2025-12-10 09:49:29) — newer than 3 months
2026-01-04 12:46:51,810 - INFO - Skipping id=27667 (modified=2025-12-10 09:49:29) — newer than 3 months
2026-01-04 12:46:51,819 - INFO - Skipping id=27667 (modified=2025-12-10 09:49:29) — newer than 3 months
2026-01-04 12:46:51,826 - INFO - Skipping id=27667 (modified=2025-12-10 09:49:29) — newer than 3 months
2026-01-04 12:46:51,836 - INFO - Skipping id=27667 (modified=2025-12-10 09:49:29) — newer than 3 months
2026-01-04 12:46:51,846 - INFO - Skipping id=27667 (modified=2025-12-10 09:49:29) — newer than 3 months
2026-01-04 12:46:51,854 - INFO - Skipping id=27667 (modified=2025-12-10 09:49:29) — newer than 3 months
2026-01-04 12:46:51,867 - INFO - Skipping id=27667 (modified=2025-12-10 09:49:29) — newer than 3 months
2026-01-04 12:46:51,875 - INFO - Skipping id=27667 (modified=2025-12-10 09:49:29) — newer than 3 months
2026-01-04 12:46:51,886 - INFO - Skipping id=27667 (modified=2025-12-10 09:49:29) — newer than 3 months
2026-01-04 12:46:51,897 - INFO - Skipping id=27667 (modified=2025-12-10 09:49:29) — newer than 3 months
2026-01-04 12:46:51,905 - INFO - Skipping id=27667 (modified=2025-12-10 09:49:29) — newer than 3 months
2026-01-04 12:46:51,914 - INFO - Skipping id=27667 (modified=2025-12-10 09:49:29) — newer than 3 months
2026-01-04 12:46:51,922 - INFO - Skipping id=27667 (modified=2025-12-10 09:49:29) — newer than 3 months
2026-01-04 12:46:51,930 - INFO - Skipping id=27667 (modified=2025-12-10 09:49:29) — newer than 3 months
2026-01-04 12:46:51,938 - INFO - Skipping id=27667 (modified=2025-12-10 09:49:29) — newer than 3 months
2026-01-04 12:46:51,946 - INFO - Skipping id=27667 (modified=2025-12-10 09:49:29) — newer than 3 months
2026-01-04 12:46:51,961 - INFO - Skipping id=27667 (modified=2025-12-10 09:49:29) — newer than 3 months
2026-01-04 12:46:51,968 - INFO - Skipping id=27667 (modified=2025-12-10 09:49:29) — newer than 3 months
2026-01-04 12:46:51,977 - INFO - Skipping id=27667 (modified=2025-12-10 09:49:29) — newer than 3 months
2026-01-04 12:46:51,987 - INFO - Skipping id=27667 (modified=2025-12-10 09:49:29) — newer than 3 months
2026-01-04 12:46:51,996 - INFO - Skipping id=27667 (modified=2025-12-10 09:49:29) — newer than 3 months
2026-01-04 12:46:52,005 - INFO - Skipping id=27667 (modified=2025-12-10 09:49:29) — newer than 3 months
2026-01-04 12:46:52,014 - INFO - Skipping id=27667 (modified=2025-12-10 09:49:29) — newer than 3 months
2026-01-04 12:46:52,022 - INFO - Skipping id=27667 (modified=2025-12-10 09:49:29) — newer than 3 months
2026-01-04 12:46:52,031 - INFO - Skipping id=27667 (modified=2025-12-10 09:49:29) — newer than 3 months
2026-01-04 12:46:52,040 - INFO - Skipping id=27667 (modified=2025-12-10 09:49:29) — newer than 3 months
2026-01-04 12:46:52,049 - INFO - Skipping id=27667 (modified=2025-12-10 09:49:29) — newer than 3 months
2026-01-04 12:46:52,057 - INFO - Skipping id=27667 (modified=2025-12-10 09:49:29) — newer than 3 months
2026-01-04 12:46:52,067 - INFO - Skipping id=27667 (modified=2025-12-10 09:49:29) — newer than 3 months
2026-01-04 12:46:52,076 - INFO - Skipping id=27667 (modified=2025-12-10 09:49:29) — newer than 3 months
2026-01-04 12:46:52,085 - INFO - Skipping id=27667 (modified=2025-12-10 09:49:29) — newer than 3 months
2026-01-04 12:46:52,094 - INFO - Skipping id=27667 (modified=2025-12-10 09:49:29) — newer than 3 months
2026-01-04 12:46:52,103 - INFO - Skipping id=27667 (modified=2025-12-10 09:49:29) — newer than 3 months
2026-01-04 12:46:52,111 - INFO - Skipping id=27667 (modified=2025-12-10 09:49:29) — newer than 3 months
2026-01-04 12:46:52,120 - INFO - Skipping id=27667 (modified=2025-12-10 09:49:29) — newer than 3 months
2026-01-04 12:46:52,127 - INFO - Skipping id=27667 (modified=2025-12-10 09:49:29) — newer than 3 months
2026-01-04 12:46:52,137 - INFO - Skipping id=27667 (modified=2025-12-10 09:49:29) — newer than 3 months
2026-01-04 12:46:52,145 - INFO - Skipping id=27667 (modified=2025-12-10 09:49:29) — newer than 3 months
2026-01-04 12:46:52,152 - INFO - Skipping id=27667 (modified=2025-12-10 09:49:29) — newer than 3 months
2026-01-04 12:46:52,163 - INFO - Skipping id=27667 (modified=2025-12-10 09:49:29) — newer than 3 months
2026-01-04 12:46:52,171 - INFO - Skipping id=27667 (modified=2025-12-10 09:49:29) — newer than 3 months
2026-01-04 12:46:52,180 - INFO - Skipping id=27667 (modified=2025-12-10 09:49:29) — newer than 3 months
2026-01-04 12:46:52,188 - INFO - Skipping id=27667 (modified=2025-12-10 09:49:29) — newer than 3 months
2026-01-04 12:46:52,197 - INFO - Skipping id=27667 (modified=2025-12-10 09:49:29) — newer than 3 months
2026-01-04 12:46:52,205 - INFO - Skipping id=27667 (modified=2025-12-10 09:49:29) — newer than 3 months
2026-01-04 12:46:52,214 - INFO - Skipping id=27667 (modified=2025-12-10 09:49:29) — newer than 3 months
2026-01-04 12:46:52,223 - INFO - Skipping id=27667 (modified=2025-12-10 09:49:29) — newer than 3 months
2026-01-04 12:46:52,235 - INFO - Skipping id=27667 (modified=2025-12-10 09:49:29) — newer than 3 months
2026-01-04 12:46:52,243 - INFO - Skipping id=27667 (modified=2025-12-10 09:49:29) — newer than 3 months
2026-01-04 12:46:52,253 - INFO - Skipping id=27667 (modified=2025-12-10 09:49:29) — newer than 3 months
2026-01-04 12:46:52,261 - INFO - Skipping id=27667 (modified=2025-12-10 09:49:29) — newer than 3 months
2026-01-04 12:46:52,271 - INFO - Skipping id=27667 (modified=2025-12-10 09:49:29) — newer than 3 months
2026-01-04 12:46:52,280 - INFO - Skipping id=27667 (modified=2025-12-10 09:49:29) — newer than 3 months
2026-01-04 12:46:52,288 - INFO - Skipping id=27667 (modified=2025-12-10 09:49:29) — newer than 3 months
2026-01-04 12:46:52,296 - INFO - Skipping id=27667 (modified=2025-12-10 09:49:29) — newer than 3 months
2026-01-04 12:46:52,305 - INFO - Skipping id=27667 (modified=2025-12-10 09:49:29) — newer than 3 months
2026-01-04 12:46:52,315 - INFO - Skipping id=27667 (modified=2025-12-10 09:49:29) — newer than 3 months
2026-01-04 12:46:52,326 - INFO - Skipping id=27667 (modified=2025-12-10 09:49:29) — newer than 3 months
2026-01-04 12:46:52,336 - INFO - Skipping id=27667 (modified=2025-12-10 09:49:29) — newer than 3 months
2026-01-04 12:46:52,344 - INFO - Skipping id=27667 (modified=2025-12-10 09:49:29) — newer than 3 months
2026-01-04 12:46:52,353 - INFO - Skipping id=27667 (modified=2025-12-10 09:49:29) — newer than 3 months
2026-01-04 12:46:52,361 - INFO - Skipping id=27667 (modified=2025-12-10 09:49:29) — newer than 3 months
2026-01-04 12:46:52,373 - INFO - Skipping id=27667 (modified=2025-12-10 09:49:29) — newer than 3 months
2026-01-04 12:46:52,383 - INFO - Skipping id=27667 (modified=2025-12-10 09:49:29) — newer than 3 months
2026-01-04 12:46:52,391 - INFO - Skipping id=27667 (modified=2025-12-10 09:49:29) — newer than 3 months
2026-01-04 12:46:52,402 - INFO - Skipping id=27667 (modified=2025-12-10 09:49:29) — newer than 3 months
2026-01-04 12:46:52,410 - INFO - Skipping id=27667 (modified=2025-12-10 09:49:29) — newer than 3 months
2026-01-04 12:46:52,420 - INFO - Skipping id=27667 (modified=2025-12-10 09:49:29) — newer than 3 months
2026-01-04 12:46:52,428 - INFO - Skipping id=27667 (modified=2025-12-10 09:49:29) — newer than 3 months
2026-01-04 12:46:52,436 - INFO - Skipping id=27667 (modified=2025-12-10 09:49:29) — newer than 3 months
2026-01-04 12:46:52,446 - INFO - Skipping id=27667 (modified=2025-12-10 09:49:29) — newer than 3 months
2026-01-04 12:46:52,455 - INFO - Skipping id=27667 (modified=2025-12-10 09:49:29) — newer than 3 months
2026-01-04 12:46:52,465 - INFO - Skipping id=27667 (modified=2025-12-10 09:49:29) — newer than 3 months
2026-01-04 12:46:52,480 - INFO - Skipping id=27667 (modified=2025-12-10 09:49:29) — newer than 3 months
2026-01-04 12:46:52,489 - INFO - Skipping id=27667 (modified=2025-12-10 09:49:29) — newer than 3 months
2026-01-04 12:46:52,498 - INFO - Skipping id=27667 (modified=2025-12-10 09:49:29) — newer than 3 months
2026-01-04 12:46:52,506 - INFO - Skipping id=27667 (modified=2025-12-10 09:49:29) — newer than 3 months
2026-01-04 12:46:52,516 - INFO - Skipping id=27667 (modified=2025-12-10 09:49:29) — newer than 3 months
2026-01-04 12:46:52,528 - INFO - Skipping id=27667 (modified=2025-12-10 09:49:29) — newer than 3 months
2026-01-04 12:46:52,538 - INFO - Skipping id=27667 (modified=2025-12-10 09:49:29) — newer than 3 months
2026-01-04 12:46:52,548 - INFO - Skipping id=27667 (modified=2025-12-10 09:49:29) — newer than 3 months
2026-01-04 12:46:52,557 - INFO - Skipping id=27667 (modified=2025-12-10 09:49:29) — newer than 3 months
2026-01-04 12:46:52,568 - INFO - Skipping id=27667 (modified=2025-12-10 09:49:29) — newer than 3 months
2026-01-04 12:46:52,577 - INFO - Skipping id=27667 (modified=2025-12-10 09:49:29) — newer than 3 months
2026-01-04 12:46:52,618 - INFO - Skipping id=27667 (modified=2025-12-10 09:49:29) — newer than 3 months
2026-01-04 12:46:52,629 - INFO - Skipping id=27667 (modified=2025-12-10 09:49:29) — newer than 3 months
2026-01-04 12:46:52,638 - INFO - Skipping id=27667 (modified=2025-12-10 09:49:29) — newer than 3 months
2026-01-04 12:46:52,648 - INFO - Skipping id=27667 (modified=2025-12-10 09:49:29) — newer than 3 months
2026-01-04 12:46:52,658 - INFO - Skipping id=27667 (modified=2025-12-10 09:49:29) — newer than 3 months
2026-01-04 12:46:52,678 - INFO - Skipping id=27667 (modified=2025-12-10 09:49:29) — newer than 3 months
2026-01-04 12:46:52,686 - INFO - Skipping id=27667 (modified=2025-12-10 09:49:29) — newer than 3 months
2026-01-04 12:46:52,697 - INFO - Skipping id=27667 (modified=2025-12-10 09:49:29) — newer than 3 months
2026-01-04 12:46:52,705 - INFO - Skipping id=27667 (modified=2025-12-10 09:49:29) — newer than 3 months
2026-01-04 12:46:52,713 - INFO - Skipping id=27667 (modified=2025-12-10 09:49:29) — newer than 3 months
2026-01-04 12:46:52,723 - INFO - Skipping id=27667 (modified=2025-12-10 09:49:29) — newer than 3 months
2026-01-04 12:46:52,732 - INFO - Skipping id=27667 (modified=2025-12-10 09:49:29) — newer than 3 months
2026-01-04 12:46:52,743 - INFO - Skipping id=27667 (modified=2025-12-10 09:49:29) — newer than 3 months
2026-01-04 12:46:52,752 - INFO - Skipping id=27667 (modified=2025-12-10 09:49:29) — newer than 3 months
2026-01-04 12:46:52,759 - INFO - Skipping id=27667 (modified=2025-12-10 09:49:29) — newer than 3 months
2026-01-04 12:46:52,770 - INFO - Skipping id=27667 (modified=2025-12-10 09:49:29) — newer than 3 months
2026-01-04 12:46:52,780 - INFO - Skipping id=27667 (modified=2025-12-10 09:49:29) — newer than 3 months
2026-01-04 12:46:52,788 - INFO - Skipping id=27667 (modified=2025-12-10 09:49:29) — newer than 3 months
2026-01-04 12:46:52,798 - INFO - Skipping id=27667 (modified=2025-12-10 09:49:29) — newer than 3 months
2026-01-04 12:46:52,807 - INFO - Skipping id=27667 (modified=2025-12-10 09:49:29) — newer than 3 months
2026-01-04 12:46:52,818 - INFO - Skipping id=27667 (modified=2025-12-10 09:49:29) — newer than 3 months
2026-01-04 12:46:52,826 - INFO - Skipping id=27667 (modified=2025-12-10 09:49:29) — newer than 3 months
2026-01-04 12:46:52,835 - INFO - Skipping id=27667 (modified=2025-12-10 09:49:29) — newer than 3 months
2026-01-04 12:46:52,843 - INFO - Skipping id=27667 (modified=2025-12-10 09:49:29) — newer than 3 months
2026-01-04 12:46:52,853 - INFO - Skipping id=27667 (modified=2025-12-10 09:49:29) — newer than 3 months
2026-01-04 12:46:52,860 - INFO - Skipping id=27667 (modified=2025-12-10 09:49:29) — newer than 3 months
2026-01-04 12:46:52,870 - INFO - Skipping id=27667 (modified=2025-12-10 09:49:29) — newer than 3 months
2026-01-04 12:46:52,884 - INFO - Skipping id=27667 (modified=2025-12-10 09:49:29) — newer than 3 months
2026-01-04 12:46:52,892 - INFO - Skipping id=27667 (modified=2025-12-10 09:49:29) — newer than 3 months
2026-01-04 12:46:52,902 - INFO - Skipping id=27667 (modified=2025-12-10 09:49:29) — newer than 3 months
2026-01-04 12:46:52,913 - INFO - Skipping id=27667 (modified=2025-12-10 09:49:29) — newer than 3 months
2026-01-04 12:46:52,920 - INFO - Skipping id=27667 (modified=2025-12-10 09:49:29) — newer than 3 months
2026-01-04 12:46:52,930 - INFO - Skipping id=27667 (modified=2025-12-10 09:49:29) — newer than 3 months
2026-01-04 12:46:52,938 - INFO - Skipping id=27667 (modified=2025-12-10 09:49:29) — newer than 3 months
2026-01-04 12:46:52,947 - INFO - Skipping id=27667 (modified=2025-12-10 09:49:29) — newer than 3 months
2026-01-04 12:46:52,957 - INFO - Skipping id=27667 (modified=2025-12-10 09:49:29) — newer than 3 months
2026-01-04 12:46:52,968 - INFO - Skipping id=27667 (modified=2025-12-10 09:49:29) — newer than 3 months
2026-01-04 12:46:52,977 - INFO - Skipping id=27667 (modified=2025-12-10 09:49:29) — newer than 3 months
2026-01-04 12:46:52,986 - INFO - Skipping id=27667 (modified=2025-12-10 09:49:29) — newer than 3 months
2026-01-04 12:46:52,994 - INFO - Skipping id=27667 (modified=2025-12-10 09:49:29) — newer than 3 months
2026-01-04 12:46:53,003 - INFO - Skipping id=27667 (modified=2025-12-10 09:49:29) — newer than 3 months
2026-01-04 12:46:53,012 - INFO - Skipping id=27667 (modified=2025-12-10 09:49:29) — newer than 3 months
2026-01-04 12:46:53,020 - INFO - Skipping id=27667 (modified=2025-12-10 09:49:29) — newer than 3 months
2026-01-04 12:46:53,028 - INFO - Skipping id=27667 (modified=2025-12-10 09:49:29) — newer than 3 months
2026-01-04 12:46:53,037 - INFO - Skipping id=27667 (modified=2025-12-10 09:49:29) — newer than 3 months
2026-01-04 12:46:53,045 - INFO - Skipping id=27667 (modified=2025-12-10 09:49:29) — newer than 3 months
2026-01-04 12:46:53,053 - INFO - Skipping id=27667 (modified=2025-12-10 09:49:29) — newer than 3 months
2026-01-04 12:46:53,061 - INFO - Skipping id=27667 (modified=2025-12-10 09:49:29) — newer than 3 months
2026-01-04 12:46:53,070 - INFO - Skipping id=27667 (modified=2025-12-10 09:49:29) — newer than 3 months
2026-01-04 12:46:53,078 - INFO - Skipping id=27667 (modified=2025-12-10 09:49:29) — newer than 3 months
2026-01-04 12:46:53,086 - INFO - Skipping id=27667 (modified=2025-12-10 09:49:29) — newer than 3 months
2026-01-04 12:46:53,094 - INFO - Skipping id=27667 (modified=2025-12-10 09:49:29) — newer than 3 months
2026-01-04 12:46:53,102 - INFO - Skipping id=27667 (modified=2025-12-10 09:49:29) — newer than 3 months
2026-01-04 12:46:53,112 - INFO - Skipping id=27667 (modified=2025-12-10 09:49:29) — newer than 3 months
2026-01-04 12:46:53,121 - INFO - Skipping id=27667 (modified=2025-12-10 09:49:29) — newer than 3 months
2026-01-04 12:46:53,129 - INFO - Skipping id=27667 (modified=2025-12-10 09:49:29) — newer than 3 months
2026-01-04 12:46:53,137 - INFO - Skipping id=27667 (modified=2025-12-10 09:49:29) — newer than 3 months
2026-01-04 12:46:53,145 - INFO - Skipping id=27667 (modified=2025-12-10 09:49:29) — newer than 3 months
2026-01-04 12:46:53,154 - INFO - Skipping id=27667 (modified=2025-12-10 09:49:29) — newer than 3 months
2026-01-04 12:46:53,164 - INFO - Skipping id=27667 (modified=2025-12-10 09:49:29) — newer than 3 months
2026-01-04 12:46:53,172 - INFO - Skipping id=27667 (modified=2025-12-10 09:49:29) — newer than 3 months
2026-01-04 12:46:53,181 - INFO - Skipping id=27667 (modified=2025-12-10 09:49:29) — newer than 3 months
2026-01-04 12:46:53,190 - INFO - Skipping id=27667 (modified=2025-12-10 09:49:29) — newer than 3 months
2026-01-04 12:46:53,198 - INFO - Skipping id=27667 (modified=2025-12-10 09:49:29) — newer than 3 months
2026-01-04 12:46:53,208 - INFO - Skipping id=27667 (modified=2025-12-10 09:49:29) — newer than 3 months
2026-01-04 12:46:53,216 - INFO - Skipping id=27667 (modified=2025-12-10 09:49:29) — newer than 3 months
2026-01-04 12:46:53,225 - INFO - Skipping id=27667 (modified=2025-12-10 09:49:29) — newer than 3 months
2026-01-04 12:46:53,235 - INFO - Skipping id=27667 (modified=2025-12-10 09:49:29) — newer than 3 months
2026-01-04 12:46:53,243 - INFO - Skipping id=27667 (modified=2025-12-10 09:49:29) — newer than 3 months
2026-01-04 12:46:53,252 - INFO - Skipping id=27667 (modified=2025-12-10 09:49:29) — newer than 3 months
2026-01-04 12:46:53,261 - INFO - Skipping id=27667 (modified=2025-12-10 09:49:29) — newer than 3 months
2026-01-04 12:46:53,269 - INFO - Skipping id=27667 (modified=2025-12-10 09:49:29) — newer than 3 months
2026-01-04 12:46:53,276 - INFO - Skipping id=27667 (modified=2025-12-10 09:49:29) — newer than 3 months
2026-01-04 12:46:53,284 - INFO - Skipping id=27667 (modified=2025-12-10 09:49:29) — newer than 3 months
2026-01-04 12:46:53,293 - INFO - Skipping id=27667 (modified=2025-12-10 09:49:29) — newer than 3 months
2026-01-04 12:46:53,300 - INFO - Skipping id=27667 (modified=2025-12-10 09:49:29) — newer than 3 months
2026-01-04 12:46:53,309 - INFO - Skipping id=27667 (modified=2025-12-10 09:49:29) — newer than 3 months
2026-01-04 12:46:53,318 - INFO - Skipping id=27667 (modified=2025-12-10 09:49:29) — newer than 3 months
2026-01-04 12:46:53,328 - INFO - Skipping id=27667 (modified=2025-12-10 09:49:29) — newer than 3 months
2026-01-04 12:46:53,336 - INFO - Skipping id=27667 (modified=2025-12-10 09:49:29) — newer than 3 months
2026-01-04 12:46:53,344 - INFO - Skipping id=27667 (modified=2025-12-10 09:49:29) — newer than 3 months
2026-01-04 12:46:53,352 - INFO - Skipping id=27667 (modified=2025-12-10 09:49:29) — newer than 3 months
2026-01-04 12:46:53,360 - INFO - Skipping id=27667 (modified=2025-12-10 09:49:29) — newer than 3 months
2026-01-04 12:46:53,368 - INFO - Skipping id=27667 (modified=2025-12-10 09:49:29) — newer than 3 months
2026-01-04 12:46:53,376 - INFO - Skipping id=27667 (modified=2025-12-10 09:49:29) — newer than 3 months
2026-01-04 12:46:53,386 - INFO - Skipping id=27667 (modified=2025-12-10 09:49:29) — newer than 3 months
2026-01-04 12:46:53,397 - INFO - Skipping id=27667 (modified=2025-12-10 09:49:29) — newer than 3 months
2026-01-04 12:46:53,405 - INFO - Skipping id=27667 (modified=2025-12-10 09:49:29) — newer than 3 months
2026-01-04 12:46:53,415 - INFO - Skipping id=27667 (modified=2025-12-10 09:49:29) — newer than 3 months
2026-01-04 12:46:53,422 - INFO - Skipping id=27667 (modified=2025-12-10 09:49:29) — newer than 3 months
2026-01-04 12:46:53,434 - INFO - Skipping id=27667 (modified=2025-12-10 09:49:29) — newer than 3 months
2026-01-04 12:46:53,443 - INFO - Skipping id=27667 (modified=2025-12-10 09:49:29) — newer than 3 months
2026-01-04 12:46:53,452 - INFO - Skipping id=27667 (modified=2025-12-10 09:49:29) — newer than 3 months
2026-01-04 12:46:53,459 - INFO - Skipping id=27667 (modified=2025-12-10 09:49:29) — newer than 3 months
2026-01-04 12:46:53,468 - INFO - Skipping id=27667 (modified=2025-12-10 09:49:29) — newer than 3 months
2026-01-04 12:46:53,477 - INFO - Skipping id=27667 (modified=2025-12-10 09:49:29) — newer than 3 months
2026-01-04 12:46:53,487 - INFO - Skipping id=27667 (modified=2025-12-10 09:49:29) — newer than 3 months
2026-01-04 12:46:53,496 - INFO - Skipping id=27667 (modified=2025-12-10 09:49:29) — newer than 3 months
2026-01-04 12:46:53,504 - INFO - Skipping id=27667 (modified=2025-12-10 09:49:29) — newer than 3 months
2026-01-04 12:46:53,514 - INFO - Skipping id=27667 (modified=2025-12-10 09:49:29) — newer than 3 months
2026-01-04 12:46:53,522 - INFO - Skipping id=27667 (modified=2025-12-10 09:49:29) — newer than 3 months
2026-01-04 12:46:53,532 - INFO - Skipping id=27667 (modified=2025-12-10 09:49:29) — newer than 3 months
2026-01-04 12:46:53,564 - INFO - Skipping id=27667 (modified=2025-12-10 09:49:29) — newer than 3 months
2026-01-04 12:46:53,575 - INFO - Skipping id=27667 (modified=2025-12-10 09:49:29) — newer than 3 months
2026-01-04 12:46:53,585 - INFO - Skipping id=27667 (modified=2025-12-10 09:49:29) — newer than 3 months
2026-01-04 12:46:53,602 - INFO - Skipping id=27667 (modified=2025-12-10 09:49:29) — newer than 3 months
2026-01-04 12:46:53,612 - INFO - Skipping id=27667 (modified=2025-12-10 09:49:29) — newer than 3 months
2026-01-04 12:46:53,621 - INFO - Skipping id=27667 (modified=2025-12-10 09:49:29) — newer than 3 months
2026-01-04 12:46:53,632 - INFO - Skipping id=27667 (modified=2025-12-10 09:49:29) — newer than 3 months
2026-01-04 12:46:53,642 - INFO - Skipping id=27667 (modified=2025-12-10 09:49:29) — newer than 3 months
2026-01-04 12:46:53,652 - INFO - Skipping id=27667 (modified=2025-12-10 09:49:29) — newer than 3 months
2026-01-04 12:46:53,660 - INFO - Skipping id=27667 (modified=2025-12-10 09:49:29) — newer than 3 months
2026-01-04 12:46:53,669 - INFO - Skipping id=27667 (modified=2025-12-10 09:49:29) — newer than 3 months
2026-01-04 12:46:53,678 - INFO - Skipping id=27667 (modified=2025-12-10 09:49:29) — newer than 3 months
2026-01-04 12:46:53,687 - INFO - Skipping id=27667 (modified=2025-12-10 09:49:29) — newer than 3 months
2026-01-04 12:46:53,697 - INFO - Skipping id=27667 (modified=2025-12-10 09:49:29) — newer than 3 months
2026-01-04 12:46:53,706 - INFO - Skipping id=27667 (modified=2025-12-10 09:49:29) — newer than 3 months
2026-01-04 12:46:53,714 - INFO - Skipping id=27667 (modified=2025-12-10 09:49:29) — newer than 3 months
2026-01-04 12:46:53,723 - INFO - Skipping id=27667 (modified=2025-12-10 09:49:29) — newer than 3 months
2026-01-04 12:46:53,733 - INFO - Skipping id=27667 (modified=2025-12-10 09:49:29) — newer than 3 months
2026-01-04 12:46:53,741 - INFO - Skipping id=27667 (modified=2025-12-10 09:49:29) — newer than 3 months
2026-01-04 12:46:53,751 - INFO - Skipping id=27667 (modified=2025-12-10 09:49:29) — newer than 3 months
2026-01-04 12:46:53,761 - INFO - Skipping id=27667 (modified=2025-12-10 09:49:29) — newer than 3 months
2026-01-04 12:46:53,770 - INFO - Skipping id=27667 (modified=2025-12-10 09:49:29) — newer than 3 months
2026-01-04 12:46:53,779 - INFO - Skipping id=27667 (modified=2025-12-10 09:49:29) — newer than 3 months
2026-01-04 12:46:53,787 - INFO - Skipping id=27667 (modified=2025-12-10 09:49:29) — newer than 3 months
2026-01-04 12:46:53,796 - INFO - Skipping id=27667 (modified=2025-12-10 09:49:29) — newer than 3 months
2026-01-04 12:46:53,805 - INFO - Skipping id=27667 (modified=2025-12-10 09:49:29) — newer than 3 months
2026-01-04 12:46:53,816 - INFO - Skipping id=27667 (modified=2025-12-10 09:49:29) — newer than 3 months
2026-01-04 12:46:53,825 - INFO - Skipping id=27667 (modified=2025-12-10 09:49:29) — newer than 3 months
2026-01-04 12:46:53,833 - INFO - Skipping id=27667 (modified=2025-12-10 09:49:29) — newer than 3 months
2026-01-04 12:46:53,842 - INFO - Skipping id=27667 (modified=2025-12-10 09:49:29) — newer than 3 months
2026-01-04 12:46:53,850 - INFO - Skipping id=27667 (modified=2025-12-10 09:49:29) — newer than 3 months
2026-01-04 12:46:53,859 - INFO - Skipping id=27667 (modified=2025-12-10 09:49:29) — newer than 3 months
2026-01-04 12:46:53,868 - INFO - Skipping id=27667 (modified=2025-12-10 09:49:29) — newer than 3 months
2026-01-04 12:46:53,876 - INFO - Skipping id=27667 (modified=2025-12-10 09:49:29) — newer than 3 months
2026-01-04 12:46:53,884 - INFO - Skipping id=27667 (modified=2025-12-10 09:49:29) — newer than 3 months
2026-01-04 12:46:53,894 - INFO - Skipping id=27667 (modified=2025-12-10 09:49:29) — newer than 3 months
2026-01-04 12:46:53,903 - INFO - Skipping id=27667 (modified=2025-12-10 09:49:29) — newer than 3 months
2026-01-04 12:46:53,911 - INFO - Skipping id=27667 (modified=2025-12-10 09:49:29) — newer than 3 months
2026-01-04 12:46:53,919 - INFO - Skipping id=27667 (modified=2025-12-10 09:49:29) — newer than 3 months
2026-01-04 12:46:53,928 - INFO - Skipping id=27667 (modified=2025-12-10 09:49:29) — newer than 3 months
2026-01-04 12:46:53,936 - INFO - Skipping id=27667 (modified=2025-12-10 09:49:29) — newer than 3 months
2026-01-04 12:46:53,945 - INFO - Skipping id=27667 (modified=2025-12-10 09:49:29) — newer than 3 months
2026-01-04 12:46:53,953 - INFO - Skipping id=27667 (modified=2025-12-10 09:49:29) — newer than 3 months
2026-01-04 12:46:53,962 - INFO - Skipping id=27667 (modified=2025-12-10 09:49:29) — newer than 3 months
2026-01-04 12:46:53,971 - INFO - Skipping id=27667 (modified=2025-12-10 09:49:29) — newer than 3 months
2026-01-04 12:46:53,979 - INFO - Skipping id=27667 (modified=2025-12-10 09:49:29) — newer than 3 months
2026-01-04 12:46:53,989 - INFO - Skipping id=27667 (modified=2025-12-10 09:49:29) — newer than 3 months
2026-01-04 12:46:53,999 - INFO - Skipping id=27667 (modified=2025-12-10 09:49:29) — newer than 3 months
2026-01-04 12:46:54,008 - INFO - Skipping id=27667 (modified=2025-12-10 09:49:29) — newer than 3 months
2026-01-04 12:46:54,016 - INFO - Skipping id=27667 (modified=2025-12-10 09:49:29) — newer than 3 months
2026-01-04 12:46:54,025 - INFO - Skipping id=27667 (modified=2025-12-10 09:49:29) — newer than 3 months
2026-01-04 12:46:54,034 - INFO - Skipping id=27667 (modified=2025-12-10 09:49:29) — newer than 3 months
2026-01-04 12:46:54,043 - INFO - Skipping id=27667 (modified=2025-12-10 09:49:29) — newer than 3 months
2026-01-04 12:46:54,052 - INFO - Skipping id=27667 (modified=2025-12-10 09:49:29) — newer than 3 months
2026-01-04 12:46:54,061 - INFO - Skipping id=27667 (modified=2025-12-10 09:49:29) — newer than 3 months
2026-01-04 12:46:54,069 - INFO - Skipping id=27667 (modified=2025-12-10 09:49:29) — newer than 3 months
2026-01-04 12:46:54,077 - INFO - Skipping id=27667 (modified=2025-12-10 09:49:29) — newer than 3 months
2026-01-04 12:46:54,085 - INFO - Skipping id=27667 (modified=2025-12-10 09:49:29) — newer than 3 months
2026-01-04 12:46:54,093 - INFO - Skipping id=27667 (modified=2025-12-10 09:49:29) — newer than 3 months
2026-01-04 12:46:54,102 - INFO - Skipping id=27667 (modified=2025-12-10 09:49:29) — newer than 3 months
2026-01-04 12:46:54,111 - INFO - Skipping id=27667 (modified=2025-12-10 09:49:29) — newer than 3 months
2026-01-04 12:46:54,120 - INFO - Skipping id=27667 (modified=2025-12-10 09:49:29) — newer than 3 months
2026-01-04 12:46:54,128 - INFO - Skipping id=27667 (modified=2025-12-10 09:49:29) — newer than 3 months
2026-01-04 12:46:54,137 - INFO - Skipping id=27667 (modified=2025-12-10 09:49:29) — newer than 3 months
2026-01-04 12:46:54,146 - INFO - Skipping id=27667 (modified=2025-12-10 09:49:29) — newer than 3 months
2026-01-04 12:46:54,155 - INFO - Skipping id=27667 (modified=2025-12-10 09:49:29) — newer than 3 months
2026-01-04 12:46:54,164 - INFO - Skipping id=27667 (modified=2025-12-10 09:49:29) — newer than 3 months
2026-01-04 12:46:54,173 - INFO - Skipping id=27667 (modified=2025-12-10 09:49:29) — newer than 3 months
2026-01-04 12:46:54,183 - INFO - Skipping id=27667 (modified=2025-12-10 09:49:29) — newer than 3 months
2026-01-04 12:46:54,195 - INFO - Skipping id=27667 (modified=2025-12-10 09:49:29) — newer than 3 months
2026-01-04 12:46:54,205 - INFO - Skipping id=27667 (modified=2025-12-10 09:49:29) — newer than 3 months
2026-01-04 12:46:54,215 - INFO - Skipping id=27667 (modified=2025-12-10 09:49:29) — newer than 3 months
2026-01-04 12:46:54,225 - INFO - Skipping id=27667 (modified=2025-12-10 09:49:29) — newer than 3 months
2026-01-04 12:46:54,234 - INFO - Skipping id=27667 (modified=2025-12-10 09:49:29) — newer than 3 months
2026-01-04 12:46:54,243 - INFO - Skipping id=27667 (modified=2025-12-10 09:49:29) — newer than 3 months
2026-01-04 12:46:54,252 - INFO - Skipping id=27667 (modified=2025-12-10 09:49:29) — newer than 3 months
2026-01-04 12:46:54,261 - INFO - Skipping id=27667 (modified=2025-12-10 09:49:29) — newer than 3 months
2026-01-04 12:46:54,270 - INFO - Skipping id=27667 (modified=2025-12-10 09:49:29) — newer than 3 months
2026-01-04 12:46:54,279 - INFO - Skipping id=27667 (modified=2025-12-10 09:49:29) — newer than 3 months
2026-01-04 12:46:54,292 - INFO - Skipping id=27667 (modified=2025-12-10 09:49:29) — newer than 3 months
2026-01-04 12:46:54,301 - INFO - Skipping id=27667 (modified=2025-12-10 09:49:29) — newer than 3 months
2026-01-04 12:46:54,309 - INFO - Skipping id=27667 (modified=2025-12-10 09:49:29) — newer than 3 months
2026-01-04 12:46:54,318 - INFO - Skipping id=27667 (modified=2025-12-10 09:49:29) — newer than 3 months
2026-01-04 12:46:54,326 - INFO - Skipping id=27667 (modified=2025-12-10 09:49:29) — newer than 3 months
2026-01-04 12:46:54,334 - INFO - Skipping id=27667 (modified=2025-12-10 09:49:29) — newer than 3 months
2026-01-04 12:46:54,344 - INFO - Skipping id=27667 (modified=2025-12-10 09:49:29) — newer than 3 months
2026-01-04 12:46:54,353 - INFO - Skipping id=27667 (modified=2025-12-10 09:49:29) — newer than 3 months
2026-01-04 12:46:54,362 - INFO - Skipping id=27667 (modified=2025-12-10 09:49:29) — newer than 3 months
2026-01-04 12:46:54,370 - INFO - Skipping id=27667 (modified=2025-12-10 09:49:29) — newer than 3 months
2026-01-04 12:46:54,383 - INFO - Skipping id=27667 (modified=2025-12-10 09:49:29) — newer than 3 months
2026-01-04 12:46:54,395 - INFO - Skipping id=27667 (modified=2025-12-10 09:49:29) — newer than 3 months
2026-01-04 12:46:54,410 - INFO - Skipping id=27667 (modified=2025-12-10 09:49:29) — newer than 3 months
2026-01-04 12:46:54,420 - INFO - Skipping id=27667 (modified=2025-12-10 09:49:29) — newer than 3 months
2026-01-04 12:46:54,429 - INFO - Skipping id=27667 (modified=2025-12-10 09:49:29) — newer than 3 months
2026-01-04 12:46:54,439 - INFO - Skipping id=27667 (modified=2025-12-10 09:49:29) — newer than 3 months
2026-01-04 12:46:54,450 - INFO - Skipping id=27667 (modified=2025-12-10 09:49:29) — newer than 3 months
2026-01-04 12:46:54,458 - INFO - Skipping id=27667 (modified=2025-12-10 09:49:29) — newer than 3 months
2026-01-04 12:46:54,467 - INFO - Skipping id=27667 (modified=2025-12-10 09:49:29) — newer than 3 months
2026-01-04 12:46:54,475 - INFO - Skipping id=27667 (modified=2025-12-10 09:49:29) — newer than 3 months
2026-01-04 12:46:54,484 - INFO - Skipping id=27667 (modified=2025-12-10 09:49:29) — newer than 3 months
2026-01-04 12:46:54,492 - INFO - Skipping id=27667 (modified=2025-12-10 09:49:29) — newer than 3 months
2026-01-04 12:46:54,500 - INFO - Skipping id=27667 (modified=2025-12-10 09:49:29) — newer than 3 months
2026-01-04 12:46:54,510 - INFO - Skipping id=27667 (modified=2025-12-10 09:49:29) — newer than 3 months
2026-01-04 12:46:54,520 - INFO - Skipping id=27667 (modified=2025-12-10 09:49:29) — newer than 3 months
2026-01-04 12:46:54,528 - INFO - Skipping id=27667 (modified=2025-12-10 09:49:29) — newer than 3 months
2026-01-04 12:46:54,536 - INFO - Skipping id=27667 (modified=2025-12-10 09:49:29) — newer than 3 months
2026-01-04 12:46:54,545 - INFO - Skipping id=27667 (modified=2025-12-10 09:49:29) — newer than 3 months
2026-01-04 12:46:54,553 - INFO - Skipping id=27667 (modified=2025-12-10 09:49:29) — newer than 3 months
2026-01-04 12:46:54,561 - INFO - Skipping id=27667 (modified=2025-12-10 09:49:29) — newer than 3 months
2026-01-04 12:46:54,570 - INFO - Skipping id=27667 (modified=2025-12-10 09:49:29) — newer than 3 months
2026-01-04 12:46:54,579 - INFO - Skipping id=27667 (modified=2025-12-10 09:49:29) — newer than 3 months
2026-01-04 12:46:54,586 - INFO - Skipping id=27667 (modified=2025-12-10 09:49:29) — newer than 3 months
2026-01-04 12:46:54,595 - INFO - Skipping id=27667 (modified=2025-12-10 09:49:29) — newer than 3 months
2026-01-04 12:46:54,603 - INFO - Skipping id=27667 (modified=2025-12-10 09:49:29) — newer than 3 months
2026-01-04 12:46:54,620 - INFO - Skipping id=27667 (modified=2025-12-10 09:49:29) — newer than 3 months
2026-01-04 12:46:54,628 - INFO - Skipping id=27667 (modified=2025-12-10 09:49:29) — newer than 3 months
2026-01-04 12:46:54,636 - INFO - Skipping id=27667 (modified=2025-12-10 09:49:29) — newer than 3 months
2026-01-04 12:46:54,646 - INFO - Skipping id=27667 (modified=2025-12-10 09:49:29) — newer than 3 months
2026-01-04 12:46:54,654 - INFO - Skipping id=27667 (modified=2025-12-10 09:49:29) — newer than 3 months
2026-01-04 12:46:54,663 - INFO - Skipping id=27667 (modified=2025-12-10 09:49:29) — newer than 3 months
2026-01-04 12:46:54,672 - INFO - Skipping id=27667 (modified=2025-12-10 09:49:29) — newer than 3 months
2026-01-04 12:46:54,681 - INFO - Skipping id=27667 (modified=2025-12-10 09:49:29) — newer than 3 months
2026-01-04 12:46:54,691 - INFO - Skipping id=27667 (modified=2025-12-10 09:49:29) — newer than 3 months
2026-01-04 12:46:54,700 - INFO - Skipping id=27667 (modified=2025-12-10 09:49:29) — newer than 3 months
2026-01-04 12:46:54,709 - INFO - Skipping id=27667 (modified=2025-12-10 09:49:29) — newer than 3 months
2026-01-04 12:46:54,718 - INFO - Skipping id=27667 (modified=2025-12-10 09:49:29) — newer than 3 months
2026-01-04 12:46:54,728 - INFO - Skipping id=27667 (modified=2025-12-10 09:49:29) — newer than 3 months
2026-01-04 12:46:54,736 - INFO - Skipping id=27667 (modified=2025-12-10 09:49:29) — newer than 3 months
2026-01-04 12:46:54,745 - INFO - Skipping id=27667 (modified=2025-12-10 09:49:29) — newer than 3 months
2026-01-04 12:46:54,753 - INFO - Skipping id=27667 (modified=2025-12-10 09:49:29) — newer than 3 months
2026-01-04 12:46:54,761 - INFO - Skipping id=27667 (modified=2025-12-10 09:49:29) — newer than 3 months
2026-01-04 12:46:54,770 - INFO - Skipping id=27667 (modified=2025-12-10 09:49:29) — newer than 3 months
2026-01-04 12:46:54,779 - INFO - Skipping id=27667 (modified=2025-12-10 09:49:29) — newer than 3 months
2026-01-04 12:46:54,788 - INFO - Skipping id=27667 (modified=2025-12-10 09:49:29) — newer than 3 months
2026-01-04 12:46:54,797 - INFO - Skipping id=27667 (modified=2025-12-10 09:49:29) — newer than 3 months
2026-01-04 12:46:54,806 - INFO - Skipping id=27667 (modified=2025-12-10 09:49:29) — newer than 3 months
2026-01-04 12:46:54,816 - INFO - Skipping id=27667 (modified=2025-12-10 09:49:29) — newer than 3 months
2026-01-04 12:46:54,827 - INFO - Skipping id=27667 (modified=2025-12-10 09:49:29) — newer than 3 months
2026-01-04 12:46:54,835 - INFO - Skipping id=27667 (modified=2025-12-10 09:49:29) — newer than 3 months
2026-01-04 12:46:54,844 - INFO - Skipping id=27667 (modified=2025-12-10 09:49:29) — newer than 3 months
2026-01-04 12:46:54,852 - INFO - Skipping id=27667 (modified=2025-12-10 09:49:29) — newer than 3 months
2026-01-04 12:46:54,861 - INFO - Skipping id=27667 (modified=2025-12-10 09:49:29) — newer than 3 months
2026-01-04 12:46:54,869 - INFO - Skipping id=27667 (modified=2025-12-10 09:49:29) — newer than 3 months
2026-01-04 12:46:54,878 - INFO - Skipping id=27667 (modified=2025-12-10 09:49:29) — newer than 3 months
2026-01-04 12:46:54,886 - INFO - Skipping id=27667 (modified=2025-12-10 09:49:29) — newer than 3 months
2026-01-04 12:46:54,895 - INFO - Skipping id=27667 (modified=2025-12-10 09:49:29) — newer than 3 months
2026-01-04 12:46:54,902 - INFO - Skipping id=27667 (modified=2025-12-10 09:49:29) — newer than 3 months
2026-01-04 12:46:54,911 - INFO - Skipping id=27667 (modified=2025-12-10 09:49:29) — newer than 3 months
2026-01-04 12:46:54,920 - INFO - Skipping id=27667 (modified=2025-12-10 09:49:29) — newer than 3 months
2026-01-04 12:46:54,929 - INFO - Skipping id=27667 (modified=2025-12-10 09:49:29) — newer than 3 months
2026-01-04 12:46:54,940 - INFO - Skipping id=27667 (modified=2025-12-10 09:49:29) — newer than 3 months
2026-01-04 12:46:54,949 - INFO - Skipping id=27667 (modified=2025-12-10 09:49:29) — newer than 3 months
2026-01-04 12:46:54,960 - INFO - Skipping id=27667 (modified=2025-12-10 09:49:29) — newer than 3 months
2026-01-04 12:46:54,968 - INFO - Skipping id=27667 (modified=2025-12-10 09:49:29) — newer than 3 months
2026-01-04 12:46:54,977 - INFO - Skipping id=27667 (modified=2025-12-10 09:49:29) — newer than 3 months
2026-01-04 12:46:54,986 - INFO - Skipping id=27667 (modified=2025-12-10 09:49:29) — newer than 3 months
2026-01-04 12:46:54,994 - INFO - Skipping id=27667 (modified=2025-12-10 09:49:29) — newer than 3 months
2026-01-04 12:46:55,003 - INFO - Skipping id=27667 (modified=2025-12-10 09:49:29) — newer than 3 months
2026-01-04 12:46:55,013 - INFO - Skipping id=27667 (modified=2025-12-10 09:49:29) — newer than 3 months
2026-01-04 12:46:55,023 - INFO - Skipping id=27667 (modified=2025-12-10 09:49:29) — newer than 3 months
2026-01-04 12:46:55,034 - INFO - Skipping id=27667 (modified=2025-12-10 09:49:29) — newer than 3 months
2026-01-04 12:46:55,043 - INFO - Skipping id=27667 (modified=2025-12-10 09:49:29) — newer than 3 months
2026-01-04 12:46:55,051 - INFO - Skipping id=27667 (modified=2025-12-10 09:49:29) — newer than 3 months
2026-01-04 12:46:55,059 - INFO - Skipping id=27667 (modified=2025-12-10 09:49:29) — newer than 3 months
2026-01-04 12:46:55,068 - INFO - Skipping id=27667 (modified=2025-12-10 09:49:29) — newer than 3 months
2026-01-04 12:46:55,076 - INFO - Skipping id=27667 (modified=2025-12-10 09:49:29) — newer than 3 months
2026-01-04 12:46:55,086 - INFO - Skipping id=27667 (modified=2025-12-10 09:49:29) — newer than 3 months
2026-01-04 12:46:55,096 - INFO - Skipping id=27667 (modified=2025-12-10 09:49:29) — newer than 3 months
2026-01-04 12:46:55,103 - INFO - Skipping id=27667 (modified=2025-12-10 09:49:29) — newer than 3 months
2026-01-04 12:46:55,112 - INFO - Skipping id=27667 (modified=2025-12-10 09:49:29) — newer than 3 months
2026-01-04 12:46:55,120 - INFO - Skipping id=27667 (modified=2025-12-10 09:49:29) — newer than 3 months
2026-01-04 12:46:55,131 - INFO - Skipping id=27667 (modified=2025-12-10 09:49:29) — newer than 3 months
2026-01-04 12:46:55,141 - INFO - Skipping id=27667 (modified=2025-12-10 09:49:29) — newer than 3 months
2026-01-04 12:46:55,150 - INFO - Skipping id=27667 (modified=2025-12-10 09:49:29) — newer than 3 months
2026-01-04 12:46:55,159 - INFO - Skipping id=27667 (modified=2025-12-10 09:49:29) — newer than 3 months
2026-01-04 12:46:55,168 - INFO - Skipping id=27667 (modified=2025-12-10 09:49:29) — newer than 3 months
2026-01-04 12:46:55,178 - INFO - Skipping id=27667 (modified=2025-12-10 09:49:29) — newer than 3 months
2026-01-04 12:46:55,188 - INFO - Skipping id=27667 (modified=2025-12-10 09:49:29) — newer than 3 months
2026-01-04 12:46:55,196 - INFO - Skipping id=27667 (modified=2025-12-10 09:49:29) — newer than 3 months
2026-01-04 12:46:55,204 - INFO - Skipping id=27667 (modified=2025-12-10 09:49:29) — newer than 3 months
2026-01-04 12:46:55,213 - INFO - Skipping id=27667 (modified=2025-12-10 09:49:29) — newer than 3 months
2026-01-04 12:46:55,225 - INFO - Skipping id=27667 (modified=2025-12-10 09:49:29) — newer than 3 months
2026-01-04 12:46:55,234 - INFO - Skipping id=27667 (modified=2025-12-10 09:49:29) — newer than 3 months
2026-01-04 12:46:55,244 - INFO - Skipping id=27667 (modified=2025-12-10 09:49:29) — newer than 3 months
2026-01-04 12:46:55,252 - INFO - Skipping id=27667 (modified=2025-12-10 09:49:29) — newer than 3 months
2026-01-04 12:46:55,260 - INFO - Skipping id=27667 (modified=2025-12-10 09:49:29) — newer than 3 months
2026-01-04 12:46:55,271 - INFO - Skipping id=27667 (modified=2025-12-10 09:49:29) — newer than 3 months
2026-01-04 12:46:55,279 - INFO - Skipping id=27667 (modified=2025-12-10 09:49:29) — newer than 3 months
2026-01-04 12:46:55,289 - INFO - Skipping id=27667 (modified=2025-12-10 09:49:29) — newer than 3 months
2026-01-04 12:46:55,297 - INFO - Skipping id=27667 (modified=2025-12-10 09:49:29) — newer than 3 months
2026-01-04 12:46:55,306 - INFO - Skipping id=27667 (modified=2025-12-10 09:49:29) — newer than 3 months
2026-01-04 12:46:55,315 - INFO - Skipping id=27667 (modified=2025-12-10 09:49:29) — newer than 3 months
2026-01-04 12:46:55,324 - INFO - Skipping id=27667 (modified=2025-12-10 09:49:29) — newer than 3 months
2026-01-04 12:46:55,334 - INFO - Skipping id=27667 (modified=2025-12-10 09:49:29) — newer than 3 months
2026-01-04 12:46:55,373 - INFO - Skipping id=27667 (modified=2025-12-10 09:49:29) — newer than 3 months
2026-01-04 12:46:55,383 - INFO - Skipping id=27667 (modified=2025-12-10 09:49:29) — newer than 3 months
2026-01-04 12:46:55,390 - INFO - Skipping id=27667 (modified=2025-12-10 09:49:29) — newer than 3 months
2026-01-04 12:46:55,461 - INFO - Skipping id=27667 (modified=2025-12-10 09:49:29) — newer than 3 months
2026-01-04 12:46:55,470 - INFO - Skipping id=27667 (modified=2025-12-10 09:49:29) — newer than 3 months
2026-01-04 12:46:55,479 - INFO - Skipping id=27667 (modified=2025-12-10 09:49:29) — newer than 3 months
2026-01-04 12:46:55,487 - INFO - Skipping id=27667 (modified=2025-12-10 09:49:29) — newer than 3 months
2026-01-04 12:46:55,495 - INFO - Skipping id=27667 (modified=2025-12-10 09:49:29) — newer than 3 months
2026-01-04 12:46:55,504 - INFO - Skipping id=27667 (modified=2025-12-10 09:49:29) — newer than 3 months
2026-01-04 12:46:55,513 - INFO - Skipping id=27667 (modified=2025-12-10 09:49:29) — newer than 3 months
2026-01-04 12:46:55,522 - INFO - Skipping id=27667 (modified=2025-12-10 09:49:29) — newer than 3 months
2026-01-04 12:46:55,531 - INFO - Skipping id=27667 (modified=2025-12-10 09:49:29) — newer than 3 months
2026-01-04 12:46:55,541 - INFO - Skipping id=27667 (modified=2025-12-10 09:49:29) — newer than 3 months
2026-01-04 12:46:55,551 - INFO - Skipping id=27667 (modified=2025-12-10 09:49:29) — newer than 3 months
2026-01-04 12:46:55,561 - INFO - Skipping id=27667 (modified=2025-12-10 09:49:29) — newer than 3 months
2026-01-04 12:46:55,570 - INFO - Skipping id=27667 (modified=2025-12-10 09:49:29) — newer than 3 months
2026-01-04 12:46:55,579 - INFO - Skipping id=27667 (modified=2025-12-10 09:49:29) — newer than 3 months
2026-01-04 12:46:55,589 - INFO - Skipping id=27667 (modified=2025-12-10 09:49:29) — newer than 3 months
2026-01-04 12:46:55,598 - INFO - Skipping id=27667 (modified=2025-12-10 09:49:29) — newer than 3 months
2026-01-04 12:46:55,609 - INFO - Skipping id=27667 (modified=2025-12-10 09:49:29) — newer than 3 months
2026-01-04 12:46:55,619 - INFO - Skipping id=27667 (modified=2025-12-10 09:49:29) — newer than 3 months
2026-01-04 12:46:55,653 - INFO - Skipping id=27667 (modified=2025-12-10 09:49:29) — newer than 3 months
2026-01-04 12:46:55,662 - INFO - Skipping id=27667 (modified=2025-12-10 09:49:29) — newer than 3 months
2026-01-04 12:46:55,672 - INFO - Skipping id=27667 (modified=2025-12-10 09:49:29) — newer than 3 months
2026-01-04 12:46:55,682 - INFO - Skipping id=27667 (modified=2025-12-10 09:49:29) — newer than 3 months
2026-01-04 12:46:55,692 - INFO - Skipping id=27667 (modified=2025-12-10 09:49:29) — newer than 3 months
2026-01-04 12:46:55,704 - INFO - Skipping id=27667 (modified=2025-12-10 09:49:29) — newer than 3 months
2026-01-04 12:46:55,713 - INFO - Skipping id=27667 (modified=2025-12-10 09:49:29) — newer than 3 months
2026-01-04 12:46:55,723 - INFO - Skipping id=27667 (modified=2025-12-10 09:49:29) — newer than 3 months
2026-01-04 12:46:55,731 - INFO - Skipping id=27667 (modified=2025-12-10 09:49:29) — newer than 3 months
2026-01-04 12:46:55,740 - INFO - Skipping id=27667 (modified=2025-12-10 09:49:29) — newer than 3 months
2026-01-04 12:46:55,750 - INFO - Skipping id=27667 (modified=2025-12-10 09:49:29) — newer than 3 months
2026-01-04 12:46:55,758 - INFO - Skipping id=27667 (modified=2025-12-10 09:49:29) — newer than 3 months
2026-01-04 12:46:55,768 - INFO - Skipping id=27667 (modified=2025-12-10 09:49:29) — newer than 3 months
2026-01-04 12:46:55,777 - INFO - Skipping id=27667 (modified=2025-12-10 09:49:29) — newer than 3 months
2026-01-04 12:46:55,786 - INFO - Skipping id=27667 (modified=2025-12-10 09:49:29) — newer than 3 months
2026-01-04 12:46:55,795 - INFO - Skipping id=27667 (modified=2025-12-10 09:49:29) — newer than 3 months
2026-01-04 12:46:55,803 - INFO - Skipping id=27667 (modified=2025-12-10 09:49:29) — newer than 3 months
2026-01-04 12:46:55,812 - INFO - Skipping id=27667 (modified=2025-12-10 09:49:29) — newer than 3 months
2026-01-04 12:46:55,820 - INFO - Skipping id=27667 (modified=2025-12-10 09:49:29) — newer than 3 months
2026-01-04 12:46:55,828 - INFO - Skipping id=27667 (modified=2025-12-10 09:49:29) — newer than 3 months
2026-01-04 12:46:55,837 - INFO - Skipping id=27667 (modified=2025-12-10 09:49:29) — newer than 3 months
2026-01-04 12:46:55,848 - INFO - Skipping id=27667 (modified=2025-12-10 09:49:29) — newer than 3 months
2026-01-04 12:46:55,858 - INFO - Skipping id=27667 (modified=2025-12-10 09:49:29) — newer than 3 months
2026-01-04 12:49:35,795 - INFO - Connected to database 'projapoti_65_v2' on 10.0.1.160:3306
2026-01-04 12:49:35,796 - INFO - Connected to projapoti_65_v2 at 10.0.1.160
2026-01-04 12:49:35,804 - INFO - Starting processing khoshra_draft_versions from id 27667
2026-01-04 12:49:35,816 - INFO - Skipping id=27667 (modified=2025-12-10 09:49:29) — newer than 3 months
2026-01-04 12:49:35,816 - INFO - Processing id=27667 (modified=2025-12-10 09:49:29)
2026-01-04 12:49:35,817 - WARNING - Some characters could not be decoded, and were replaced with REPLACEMENT CHARACTER.
2026-01-04 12:49:35,831 - INFO - Skipping id=27668 (modified=2025-12-10 09:52:47) — newer than 3 months
2026-01-04 12:49:35,832 - INFO - Processing id=27668 (modified=2025-12-10 09:52:47)
2026-01-04 12:49:35,832 - WARNING - Some characters could not be decoded, and were replaced with REPLACEMENT CHARACTER.
2026-01-04 12:49:35,844 - INFO - Skipping id=27669 (modified=2025-12-11 05:55:12) — newer than 3 months
2026-01-04 12:49:35,844 - INFO - Processing id=27669 (modified=2025-12-11 05:55:12)
2026-01-04 12:49:35,845 - WARNING - Some characters could not be decoded, and were replaced with REPLACEMENT CHARACTER.
2026-01-04 12:49:35,857 - INFO - Skipping id=27670 (modified=2025-12-11 06:01:33) — newer than 3 months
2026-01-04 12:49:35,857 - INFO - Processing id=27670 (modified=2025-12-11 06:01:33)
2026-01-04 12:49:35,857 - WARNING - Some characters could not be decoded, and were replaced with REPLACEMENT CHARACTER.
2026-01-04 12:49:35,869 - INFO - Skipping id=27671 (modified=2025-12-29 09:37:31) — newer than 3 months
2026-01-04 12:49:35,870 - INFO - Processing id=27671 (modified=2025-12-29 09:37:31)
2026-01-04 12:49:35,870 - WARNING - Some characters could not be decoded, and were replaced with REPLACEMENT CHARACTER.
2026-01-04 12:49:35,884 - INFO - Skipping id=27672 (modified=2025-12-29 09:39:31) — newer than 3 months
2026-01-04 12:49:35,884 - INFO - Processing id=27672 (modified=2025-12-29 09:39:31)
2026-01-04 12:49:35,884 - WARNING - Some characters could not be decoded, and were replaced with REPLACEMENT CHARACTER.
2026-01-04 12:49:35,898 - INFO - Skipping id=27673 (modified=2025-12-30 09:46:00) — newer than 3 months
2026-01-04 12:49:35,898 - INFO - Processing id=27673 (modified=2025-12-30 09:46:00)
2026-01-04 12:49:35,899 - WARNING - Some characters could not be decoded, and were replaced with REPLACEMENT CHARACTER.
2026-01-04 12:49:35,913 - INFO - Skipping id=27674 (modified=2025-12-30 09:50:20) — newer than 3 months
2026-01-04 12:49:35,914 - INFO - Processing id=27674 (modified=2025-12-30 09:50:20)
2026-01-04 12:49:35,914 - WARNING - Some characters could not be decoded, and were replaced with REPLACEMENT CHARACTER.
2026-01-04 12:49:35,928 - INFO - Skipping id=27675 (modified=2025-12-30 09:57:37) — newer than 3 months
2026-01-04 12:49:35,928 - INFO - Processing id=27675 (modified=2025-12-30 09:57:37)
2026-01-04 12:49:35,929 - WARNING - Some characters could not be decoded, and were replaced with REPLACEMENT CHARACTER.
2026-01-04 12:49:35,933 - INFO - Finished processing khoshra_draft_versions for projapoti_65_v2
2026-01-04 12:49:35,936 - INFO - Database connection closed
